user_id,spam_messages_received,irrelevant_jobs_seen,low_match_recommendations
1,3,3,3
2,4,2,3
3,2,4,2
4,3,3,2
5,0,  4  ,1
6,0,  5  ,2
7,0,  8  ,3
8,3,2,2
9,@5@,  3  ,0
10,@3@,3,1
11,*1*,2,1
12,1,@2@,2
13,2,5,1
14,3,2,4
15,2,*5*,1
16,1,4,1
17,3,3,3
18,3,4,0
19,2,7,0
20,1,6,4
21,3,@1@,2
22,1,1,2
23,1,2,3
24,4,4,1
25,1,2,2
26,$2$,3,2
27,1,3,1
28,$5$,5,1
29,2,3,0
30,3,3,1
31,  1  ,4,2
32,1,2,0
33,0,@2@,1
34,@2@,7,2
35,2,*3*,3
36,5,0,2
37,  3  ,  8  ,1
38,$3$,6,2
39,1,3,1
40,2,0,2
41,2,$3$,2
42,$2$,2,3
43,2,4,3
44,@4@,5,4
45,0,4,2
46,2,*2*,1
47,0,0,2
48,2,3,3
49,3,5,5
50,3,10,4
51,2,@2@,0
52,3,3,3
53,0,7,2
54,0,1,3
55,1,5,1
56,2,2,4
57,1,2,1
58,2,@3@,3
59,5,1,0
60,2,  4  ,3
61,2,10,3
62,3,0,2
63,2,2,0
64,2,2,1
65,4,3,1
66,*5*,3,4
67,0,  4  ,1
68,  5  ,3,0
69,3,  5  ,2
70,2,1,2
71,5,3,1
72,2,2,2
73,0,2,2
74,3,1,3
75,0,3,1
76,2,  2  ,2
77,1,*3*,1
78,4,*2*,1
79,2,$1$,3
80,1,1,0
81,$1$,  3  ,2
82,0,4,1
83,0,3,1
84,2,  3  ,0
85,*2*,4,2
86,1,1,0
87,1,0,0
88,2,@6@,1
89,*2*,4,1
90,2,6,0
91,1,2,2
92,1,5,1
93,1,2,4
94,*2*,*3*,1
95,1,4,3
96,0,3,1
97,1,*1*,3
98,$3$,$3$,2
99,1,2,2
100,2,2,2
101,2,1,1
102,1,  7  ,1
103,2,3,3
104,3,7,1
105,999,1,3
106,3,1,3
107,3,@5@,1
108,2,2,0
109,4,1,1
110,4,3,2
111,2,2,1
112,2,$4$,2
113,4,3,2
114,$1$,6,4
115,0,6,4
116,1,2,2
117,2,2,1
118,2,2,2
119,2,6,2
120,3,2,1
121,2,4,3
122,3,3,3
123,1,3,4
124,2,5,3
125,2,*3*,1
126,@2@,1,2
127,*1*,4,3
128,  2  ,  4  ,4
129,1,1,3
130,@3@,3,0
131,4,*4*,3
132,3,3,1
133,3,2,1
134,3,0,1
135,1,4,1
136,0,4,2
137,1,6,1
138,4,1,2
139,1,3,0
140,0,1,3
141,5,1,4
142,1,1,0
143,2,4,0
144,2,6,1
145,*4*,3,3
146,2,2,3
147,2,4,2
148,4,*1*,2
149,1,  4  ,2
150,  4  ,3,3
151,1,5,1
152,  2  ,$5$,4
153,0,1,1
154,3,2,2
155,1,4,2
156,2,2,1
157,@2@,3,1
158,1,1,3
159,2,2,0
160,2,4,1
161,*2*,1,4
162,2,2,0
163,4,$3$,3
164,3,4,0
165,1,4,1
166,3,5,1
167,2,3,1
168,$3$,@3@,2
169,2,7,0
170,999,*2*,2
171,2,3,1
172,@5@,2,0
173,0,1,1
174,4,3,4
175,1,7,1
176,0,1,3
177,@0@,  2  ,0
178,6,4,1
179,2,6,2
180,4,5,2
181,1,3,2
182,2,0,1
183,1,8,2
184,3,4,5
185,5,3,3
186,1,0,3
187,2,0,2
188,@2@,3,1
189,  1  ,7,2
190,1,3,3
191,*2*,4,4
192,0,@6@,0
193,3,5,3
194,4,3,2
195,4,2,4
196,2,1,1
197,1,6,4
198,$1$,4,1
199,3,7,3
200,3,3,4
201,*1*,1,2
202,1,1,1
203,0,3,1
204,3,7,1
205,2,*2*,6
206,1,3,1
207,@5@,@4@,1
208,3,$2$,2
209,  3  ,@4@,4
210,5,3,3
211,3,2,4
212,  1  ,6,1
213,0,2,2
214,1,2,0
215,2,3,1
216,1,3,3
217,2,3,2
218,5,9,3
219,1,3,2
220,@0@,2,1
221,2,1,1
222,0,0,4
223,1,2,5
224,2,1,1
225,  2  ,5,2
226,1,2,0
227,*2*,3,3
228,  0  ,4,3
229,3,0,1
230,3,5,1
231,2,4,3
232,2,5,2
233,4,4,0
234,2,0,0
235,0,4,1
236,2,4,1
237,0,7,4
238,6,2,3
239,0,1,1
240,*1*,2,1
241,3,0,2
242,2,*5*,2
243,*1*,3,1
244,5,5,2
245,4,4,1
246,  5  ,4,3
247,0,4,3
248,2,3,5
249,1,5,4
250,@2@,4,2
251,*1*,*2*,5
252,3,1,3
253,5,0,2
254,2,3,1
255,2,@3@,0
256,$2$,*0*,0
257,0,$6$,2
258,*0*,2,2
259,0,9,0
260,4,4,2
261,  1  ,1,2
262,2,$4$,0
263,999,*7*,1
264,2,1,0
265,3,3,4
266,1,3,1
267,*2*,3,2
268,2,1,0
269,3,$6$,3
270,$3$,3,0
271,2,2,0
272,2,3,4
273,1,5,2
274,5,6,1
275,6,*2*,5
276,1,5,4
277,$999$,2,1
278,3,3,0
279,0,@1@,1
280,2,4,4
281,$2$,9,4
282,@1@,1,2
283,2,6,2
284,1,  3  ,1
285,1,*3*,3
286,$1$,2,1
287,0,3,3
288,4,2,2
289,3,3,1
290,2,1,3
291,2,3,3
292,5,5,1
293,4,1,1
294,@2@,6,1
295,$1$,5,5
296,2,2,0
297,4,2,1
298,3,@1@,3
299,5,4,2
300,2,5,1
301,2,1,2
302,$1$,1,4
303,1,1,1
304,0,5,2
305,0,0,1
306,*1*,3,3
307,2,5,3
308,2,4,4
309,0,2,2
310,0,$1$,2
311,2,4,4
312,2,  4  ,1
313,2,*3*,2
314,1,3,4
315,2,2,2
316,2,4,3
317,2,@1@,0
318,0,2,4
319,4,@3@,3
320,4,$5$,3
321,3,5,2
322,0,6,2
323,6,6,3
324,0,3,0
325,  4  ,1,0
326,1,3,1
327,1,*4*,0
328,2,1,4
329,2,1,2
330,$1$,3,0
331,1,1,2
332,0,4,3
333,2,$4$,4
334,4,5,2
335,1,4,1
336,7,2,1
337,  3  ,  8  ,5
338,2,  1  ,1
339,4,2,3
340,1,6,1
341,@1@,*2*,1
342,999,*2*,3
343,2,@5@,1
344,2,3,0
345,1,@2@,0
346,1,$0$,1
347,  0  ,5,1
348,4,1,2
349,6,1,4
350,1,  1  ,4
351,2,7,1
352,2,6,1
353,4,4,2
354,5,4,3
355,3,3,2
356,  3  ,0,0
357,$4$,7,1
358,  2  ,3,2
359,1,3,3
360,2,1,2
361,2,2,2
362,$2$,2,0
363,1,5,3
364,1,1,5
365,@1@,3,0
366,$2$,3,2
367,6,1,3
368,2,1,6
369,  0  ,7,2
370,*4*,  0  ,4
371,5,4,3
372,7,$2$,2
373,@5@,3,1
374,0,3,3
375,1,6,2
376,5,3,2
377,0,3,1
378,1,5,0
379,1,4,1
380,1,4,3
381,4,3,1
382,3,5,2
383,3,*3*,1
384,2,3,3
385,1,7,3
386,2,  2  ,0
387,$6$,1,1
388,  0  ,$4$,6
389,999,2,2
390,1,5,1
391,4,3,2
392,@2@,3,2
393,2,7,4
394,4,2,0
395,1,4,3
396,@1@,6,2
397,3,2,2
398,3,$2$,0
399,1,  1  ,7
400,4,7,1
401,0,@1@,4
402,3,*0*,3
403,@1@,  2  ,1
404,3,@4@,4
405,2,$0$,3
406,1,2,3
407,2,2,4
408,0,2,2
409,1,*4*,4
410,1,2,2
411,3,$3$,2
412,2,$3$,5
413,2,2,3
414,$999$,2,3
415,4,3,3
416,2,3,3
417,*2*,  3  ,3
418,2,4,3
419,4,2,4
420,999,4,1
421,0,*3*,2
422,0,1,3
423,0,2,2
424,2,@4@,1
425,1,1,2
426,1,  5  ,0
427,@3@,5,2
428,2,8,0
429,2,3,3
430,*3*,4,0
431,$1$,2,4
432,2,2,3
433,1,3,1
434,999,2,1
435,1,2,3
436,3,4,2
437,2,$2$,2
438,2,4,2
439,0,5,4
440,4,1,2
441,2,4,3
442,1,3,0
443,1,5,0
444,3,1,5
445,3,2,1
446,3,3,5
447,999,4,2
448,  1  ,3,1
449,1,1,1
450,1,$1$,4
451,3,4,2
452,0,3,2
453,3,2,4
454,1,2,0
455,3,7,4
456,2,3,3
457,2,*4*,2
458,4,$5$,0
459,3,4,3
460,1,3,2
461,3,2,2
462,3,2,5
463,2,3,2
464,2,4,1
465,  0  ,1,2
466,  1  ,5,3
467,@1@,5,3
468,*3*,1,2
469,4,6,1
470,2,0,2
471,$1$,3,0
472,1,4,1
473,*2*,3,2
474,@999@,4,0
475,4,$3$,3
476,$2$,4,3
477,*3*,  7  ,6
478,*1*,3,2
479,0,2,5
480,0,2,2
481,2,3,0
482,2,$1$,1
483,3,1,5
484,4,2,1
485,2,3,0
486,4,5,0
487,1,2,2
488,0,3,1
489,2,1,4
490,  4  ,4,2
491,2,  3  ,2
492,1,8,0
493,4,4,1
494,0,1,1
495,*5*,5,2
496,*0*,3,0
497,@4@,*4*,4
498,0,3,1
499,3,5,2
500,3,5,3
501,$0$,4,0
502,6,*1*,0
503,3,1,2
504,0,1,2
505,  0  ,1,0
506,1,4,1
507,@2@,3,0
508,*3*,1,2
509,$1$,4,1
510,4,0,2
511,2,3,1
512,2,2,0
513,1,*4*,5
514,4,*3*,2
515,2,  3  ,2
516,2,0,0
517,1,2,2
518,  2  ,1,6
519,1,5,1
520,3,0,4
521,1,4,2
522,  1  ,$3$,0
523,5,*2*,5
524,2,2,5
525,4,2,1
526,1,4,3
527,$3$,2,0
528,0,1,1
529,0,3,2
530,0,6,1
531,1,0,3
532,1,3,2
533,3,7,3
534,*2*,2,4
535,1,2,1
536,4,2,2
537,4,10,1
538,1,3,1
539,$1$,2,2
540,1,  4  ,1
541,  2  ,$2$,4
542,2,2,0
543,3,2,1
544,*1*,4,1
545,2,4,4
546,1,2,1
547,5,  4  ,3
548,999,*3*,3
549,4,6,1
550,4,3,2
551,3,1,1
552,3,4,1
553,2,3,5
554,3,1,3
555,0,2,1
556,1,  5  ,4
557,2,2,2
558,1,3,5
559,2,3,0
560,5,1,2
561,3,1,3
562,1,2,4
563,*1*,2,1
564,2,  5  ,3
565,4,2,1
566,0,3,2
567,0,1,2
568,0,$2$,0
569,0,*2*,1
570,2,5,2
571,1,$4$,3
572,2,5,0
573,*1*,$1$,1
574,$2$,4,4
575,4,1,2
576,8,2,3
577,$1$,6,2
578,*999*,1,1
579,@1@,2,2
580,3,1,0
581,1,3,6
582,2,4,0
583,0,2,2
584,4,4,3
585,1,3,5
586,3,9,0
587,1,1,2
588,3,1,1
589,2,2,2
590,2,9,2
591,1,@4@,1
592,1,3,1
593,5,3,2
594,  2  ,4,4
595,1,2,1
596,*3*,$5$,1
597,1,$2$,2
598,0,@4@,1
599,2,2,0
600,2,5,0
601,1,$2$,1
602,3,1,1
603,5,*3*,3
604,0,3,2
605,$1$,1,2
606,2,3,8
607,$3$,3,2
608,0,  2  ,2
609,  1  ,5,4
610,5,1,1
611,1,2,1
612,2,0,0
613,  2  ,6,4
614,4,4,1
615,@2@,@1@,6
616,2,4,4
617,0,1,1
618,3,2,1
619,1,4,2
620,3,@2@,3
621,2,3,0
622,$0$,$1$,1
623,2,4,3
624,@3@,3,1
625,2,3,2
626,2,@0@,1
627,2,*3*,1
628,0,3,0
629,4,5,1
630,2,0,3
631,3,4,0
632,2,3,2
633,  2  ,5,5
634,2,5,2
635,1,4,2
636,3,2,2
637,4,1,3
638,$3$,4,3
639,4,3,5
640,  3  ,$5$,4
641,$1$,$0$,1
642,999,3,3
643,4,4,3
644,7,*2*,3
645,0,$2$,1
646,0,$3$,3
647,@1@,1,3
648,1,1,1
649,1,4,1
650,1,$3$,2
651,0,2,4
652,1,4,2
653,1,3,2
654,1,5,5
655,2,*1*,1
656,3,2,3
657,1,4,2
658,0,0,1
659,2,6,1
660,*1*,5,3
661,0,2,6
662,0,$1$,3
663,3,2,5
664,0,3,3
665,1,5,3
666,@3@,1,1
667,2,2,2
668,0,2,3
669,3,3,4
670,1,*2*,0
671,2,*1*,3
672,  7  ,  3  ,1
673,1,2,3
674,1,3,2
675,1,6,1
676,3,3,1
677,3,2,2
678,1,*1*,3
679,2,6,1
680,  4  ,0,1
681,3,4,1
682,3,0,3
683,2,4,0
684,3,@2@,0
685,2,@4@,3
686,3,3,2
687,1,  2  ,2
688,1,$3$,1
689,1,4,1
690,1,2,3
691,2,5,1
692,*2*,4,1
693,*2*,3,2
694,5,2,5
695,6,@2@,1
696,0,4,4
697,2,*1*,1
698,*2*,@5@,1
699,1,  3  ,4
700,1,  2  ,5
701,1,2,1
702,1,5,1
703,3,2,1
704,1,1,4
705,3,$0$,1
706,1,@1@,3
707,  0  ,3,4
708,@2@,2,4
709,5,2,1
710,*4*,  3  ,4
711,$1$,1,0
712,1,7,0
713,0,3,4
714,1,7,1
715,2,5,1
716,1,4,1
717,1,3,2
718,1,2,2
719,  3  ,0,2
720,1,4,1
721,999,1,1
722,  1  ,3,1
723,@2@,2,0
724,@2@,  7  ,1
725,2,2,4
726,1,*4*,3
727,1,*10*,4
728,1,1,1
729,*0*,0,3
730,  2  ,  0  ,3
731,1,1,0
732,2,2,1
733,$0$,3,3
734,2,@3@,3
735,2,$2$,3
736,1,4,2
737,2,4,6
738,0,*4*,3
739,0,*1*,2
740,3,3,3
741,2,4,0
742,*2*,3,1
743,4,$3$,2
744,1,3,2
745,2,3,2
746,2,3,2
747,@1@,0,3
748,3,2,1
749,$3$,5,0
750,2,9,1
751,2,*3*,6
752,1,5,0
753,1,@1@,2
754,@1@,@4@,1
755,1,2,2
756,2,3,3
757,4,$2$,0
758,3,5,3
759,1,4,1
760,1,5,5
761,2,1,1
762,1,4,5
763,*1*,3,3
764,3,3,1
765,0,4,3
766,$2$,2,1
767,@1@,$2$,1
768,2,3,0
769,  5  ,3,3
770,1,3,2
771,3,7,3
772,0,0,0
773,1,2,3
774,6,2,2
775,1,3,2
776,999,2,4
777,3,0,1
778,0,5,3
779,3,  5  ,1
780,  2  ,$4$,1
781,2,@4@,2
782,*5*,2,0
783,5,4,1
784,2,2,0
785,$1$,$4$,2
786,3,@2@,1
787,2,2,3
788,1,4,2
789,1,  5  ,3
790,@1@,  4  ,1
791,0,3,2
792,@0@,6,1
793,3,5,2
794,0,0,4
795,4,@1@,3
796,0,4,0
797,5,3,1
798,2,3,2
799,3,  0  ,0
800,2,2,2
801,4,1,1
802,2,2,2
803,3,7,3
804,  1  ,2,2
805,4,5,2
806,1,3,3
807,2,3,2
808,3,3,1
809,4,6,2
810,3,$3$,0
811,3,*4*,2
812,1,2,0
813,1,4,4
814,2,@2@,3
815,*5*,0,0
816,0,6,4
817,$2$,4,3
818,1,1,2
819,999,4,2
820,  0  ,*2*,2
821,  2  ,1,1
822,1,5,1
823,2,5,1
824,2,4,5
825,0,0,3
826,1,2,3
827,3,2,1
828,  5  ,2,0
829,3,4,2
830,1,4,0
831,3,6,3
832,2,4,2
833,3,2,4
834,3,2,0
835,1,0,1
836,5,3,0
837,3,1,3
838,2,2,1
839,2,*2*,3
840,3,0,3
841,@2@,5,3
842,4,2,2
843,0,1,4
844,*4*,1,1
845,  2  ,3,0
846,5,  3  ,2
847,  0  ,4,2
848,1,3,0
849,3,1,0
850,@2@,@1@,3
851,$1$,2,2
852,1,2,3
853,0,3,0
854,3,4,2
855,1,4,2
856,2,3,3
857,4,4,1
858,4,2,1
859,2,3,1
860,3,$3$,2
861,3,4,2
862,$2$,6,2
863,1,2,2
864,2,7,2
865,$2$,5,0
866,2,0,2
867,@3@,3,4
868,@1@,1,0
869,3,@2@,1
870,1,0,1
871,3,5,6
872,0,3,1
873,4,@5@,2
874,1,3,2
875,1,3,3
876,2,*5*,2
877,2,3,3
878,4,  1  ,3
879,2,4,3
880,1,3,1
881,1,3,5
882,*3*,3,3
883,2,  2  ,3
884,$0$,5,1
885,@3@,4,0
886,0,@4@,3
887,3,3,2
888,4,5,2
889,1,2,0
890,3,4,4
891,2,2,2
892,0,1,2
893,3,7,2
894,$3$,3,3
895,1,  6  ,2
896,*1*,1,1
897,1,3,1
898,1,3,3
899,1,2,3
900,4,4,1
901,4,0,2
902,2,@0@,1
903,  1  ,4,3
904,$0$,1,4
905,3,2,5
906,5,3,3
907,  1  ,4,1
908,2,1,5
909,1,5,2
910,999,1,1
911,0,$8$,2
912,  0  ,7,2
913,2,*3*,3
914,*4*,  3  ,3
915,1,@4@,0
916,999,4,5
917,0,4,4
918,0,1,1
919,1,3,4
920,0,3,2
921,2,5,1
922,*4*,3,2
923,2,5,1
924,3,7,5
925,3,3,5
926,1,3,0
927,2,2,1
928,0,1,0
929,3,3,3
930,  3  ,0,2
931,$0$,2,1
932,1,2,1
933,2,3,3
934,1,*0*,0
935,3,3,2
936,4,$4$,1
937,5,4,4
938,0,1,3
939,1,4,2
940,4,@1@,3
941,  0  ,3,1
942,6,3,1
943,1,  2  ,2
944,2,$3$,1
945,3,$4$,1
946,0,@2@,4
947,@3@,2,2
948,@1@,$6$,2
949,2,3,3
950,3,4,0
951,3,1,1
952,@0@,5,1
953,0,3,2
954,2,  7  ,1
955,@0@,@4@,2
956,0,2,0
957,4,1,3
958,2,1,0
959,2,*4*,0
960,1,4,2
961,0,$1$,1
962,0,6,3
963,3,1,3
964,4,  1  ,0
965,2,2,0
966,*5*,3,0
967,$1$,1,0
968,2,4,1
969,*0*,3,1
970,2,3,0
971,3,  4  ,0
972,5,2,2
973,@1@,2,0
974,1,3,0
975,5,3,1
976,3,*4*,5
977,5,2,2
978,2,1,1
979,  4  ,7,3
980,5,*2*,2
981,2,3,1
982,4,1,2
983,3,3,1
984,2,4,1
985,3,2,1
986,2,$3$,2
987,3,5,5
988,2,3,1
989,2,4,1
990,4,$2$,0
991,4,4,0
992,3,6,7
993,1,3,2
994,4,4,4
995,0,1,2
996,3,1,0
997,1,4,1
998,@3@,*6*,5
999,4,4,2
1000,3,2,5
1001,0,  5  ,2
1002,5,@4@,3
1003,1,5,4
1004,1,2,1
1005,  2  ,4,1
1006,0,@4@,2
1007,0,1,2
1008,2,5,5
1009,1,  6  ,1
1010,3,3,2
1011,2,1,3
1012,1,6,4
1013,$1$,3,1
1014,@0@,3,0
1015,@0@,0,2
1016,@2@,2,2
1017,2,2,4
1018,2,2,3
1019,1,3,0
1020,2,1,1
1021,1,1,3
1022,1,  3  ,2
1023,2,*3*,2
1024,@1@,3,1
1025,1,$0$,3
1026,$3$,1,3
1027,3,0,1
1028,0,  1  ,1
1029,4,3,1
1030,@1@,7,0
1031,1,*2*,0
1032,  0  ,5,2
1033,2,*5*,1
1034,2,$3$,1
1035,2,4,1
1036,$1$,2,1
1037,1,3,1
1038,1,$1$,0
1039,2,0,2
1040,1,0,2
1041,1,2,1
1042,2,1,1
1043,4,3,0
1044,0,4,0
1045,3,4,3
1046,0,3,0
1047,0,2,1
1048,1,2,3
1049,1,2,3
1050,1,2,4
1051,1,  0  ,2
1052,4,3,2
1053,1,3,4
1054,*3*,1,1
1055,2,  2  ,1
1056,0,3,0
1057,1,5,2
1058,3,3,2
1059,3,2,1
1060,2,2,1
1061,2,6,1
1062,5,1,2
1063,3,5,0
1064,1,4,0
1065,5,@1@,2
1066,2,*1*,3
1067,2,2,2
1068,@1@,2,1
1069,@3@,@2@,0
1070,3,  5  ,3
1071,2,6,3
1072,0,3,1
1073,4,3,1
1074,1,@2@,4
1075,  1  ,*1*,1
1076,1,3,2
1077,2,  3  ,1
1078,$1$,3,3
1079,2,1,7
1080,1,4,3
1081,@2@,4,2
1082,$1$,3,2
1083,2,0,3
1084,$2$,3,3
1085,0,2,4
1086,3,4,2
1087,2,  3  ,1
1088,2,2,1
1089,2,$3$,3
1090,1,1,4
1091,  6  ,$2$,3
1092,2,1,1
1093,1,@3@,2
1094,3,8,0
1095,1,$2$,1
1096,1,1,2
1097,1,4,3
1098,  2  ,2,1
1099,0,2,3
1100,*1*,2,3
1101,@1@,3,3
1102,1,4,0
1103,0,3,5
1104,2,3,2
1105,2,6,3
1106,0,@1@,5
1107,0,3,4
1108,6,4,1
1109,3,1,2
1110,5,0,3
1111,4,3,2
1112,1,1,5
1113,1,1,2
1114,0,2,2
1115,@999@,$4$,2
1116,3,2,1
1117,0,1,4
1118,0,5,4
1119,2,4,2
1120,0,$3$,2
1121,*3*,2,0
1122,0,2,1
1123,  3  ,3,3
1124,0,4,1
1125,2,3,1
1126,1,2,2
1127,2,5,1
1128,2,2,1
1129,0,3,1
1130,3,3,4
1131,1,5,1
1132,6,$1$,4
1133,1,1,2
1134,3,1,1
1135,2,5,1
1136,  3  ,*3*,2
1137,0,@5@,2
1138,1,2,3
1139,0,5,2
1140,$1$,$4$,1
1141,2,4,0
1142,2,$4$,4
1143,1,2,4
1144,3,2,2
1145,1,4,2
1146,  5  ,*3*,2
1147,1,@5@,1
1148,0,4,2
1149,1,4,0
1150,4,3,3
1151,0,1,0
1152,$2$,2,2
1153,2,2,1
1154,*3*,  5  ,0
1155,6,  3  ,1
1156,3,6,5
1157,2,4,1
1158,2,3,2
1159,5,5,1
1160,0,4,3
1161,2,0,5
1162,4,5,1
1163,$3$,  3  ,5
1164,*2*,1,2
1165,2,2,1
1166,1,3,2
1167,1,2,2
1168,3,4,2
1169,2,3,4
1170,1,3,2
1171,*5*,4,0
1172,0,3,1
1173,2,$3$,2
1174,*0*,@3@,3
1175,*2*,1,2
1176,2,7,2
1177,0,*5*,2
1178,3,3,4
1179,2,2,2
1180,2,3,4
1181,3,  6  ,4
1182,  2  ,4,1
1183,@2@,@4@,3
1184,1,4,1
1185,0,4,1
1186,*1*,2,2
1187,1,4,0
1188,4,3,2
1189,1,3,2
1190,2,@5@,1
1191,1,1,2
1192,1,5,1
1193,2,4,2
1194,2,2,2
1195,$2$,2,3
1196,4,@7@,1
1197,@999@,2,3
1198,2,1,2
1199,4,2,2
1200,$1$,5,2
1201,0,3,3
1202,2,5,0
1203,$0$,3,1
1204,0,3,1
1205,2,*2*,2
1206,2,*4*,3
1207,1,3,0
1208,4,4,4
1209,3,4,4
1210,$3$,0,0
1211,1,4,1
1212,1,*3*,3
1213,3,$3$,0
1214,1,1,1
1215,1,1,6
1216,2,0,2
1217,3,$2$,1
1218,1,6,3
1219,1,2,6
1220,5,2,0
1221,4,2,2
1222,1,2,4
1223,*1*,5,1
1224,6,@4@,1
1225,@4@,1,2
1226,4,5,3
1227,2,  4  ,2
1228,2,1,1
1229,1,1,4
1230,5,2,2
1231,5,4,5
1232,2,4,1
1233,1,3,2
1234,2,3,1
1235,1,3,1
1236,*1*,4,3
1237,4,1,2
1238,2,*2*,3
1239,999,4,0
1240,  2  ,2,1
1241,0,2,1
1242,1,@4@,1
1243,1,2,0
1244,6,@1@,1
1245,*2*,3,1
1246,2,3,2
1247,4,*1*,3
1248,2,$1$,1
1249,4,@3@,3
1250,3,8,2
1251,1,4,2
1252,0,1,1
1253,$4$,@2@,2
1254,0,2,4
1255,1,0,2
1256,1,0,2
1257,4,6,2
1258,2,1,2
1259,  3  ,5,2
1260,@5@,2,1
1261,2,1,3
1262,2,7,0
1263,*2*,1,2
1264,2,1,2
1265,6,1,3
1266,  5  ,7,2
1267,1,*3*,3
1268,3,4,3
1269,*2*,3,1
1270,2,4,2
1271,3,3,2
1272,2,1,3
1273,*1*,4,8
1274,*1*,2,0
1275,2,1,3
1276,0,3,4
1277,2,3,2
1278,2,5,1
1279,1,6,2
1280,2,5,1
1281,2,2,3
1282,2,6,1
1283,1,4,0
1284,5,1,1
1285,2,1,4
1286,3,5,1
1287,2,4,4
1288,2,  4  ,2
1289,$0$,3,1
1290,2,2,1
1291,$0$,6,4
1292,2,0,0
1293,$1$,@3@,1
1294,0,$4$,1
1295,5,3,0
1296,1,1,1
1297,@4@,3,5
1298,*4*,2,2
1299,*0*,1,2
1300,2,3,2
1301,*3*,5,2
1302,*2*,6,2
1303,4,2,4
1304,3,6,2
1305,1,1,0
1306,1,5,4
1307,999,4,0
1308,2,2,2
1309,@1@,1,1
1310,999,4,4
1311,*3*,4,2
1312,0,4,1
1313,0,0,2
1314,3,  7  ,3
1315,2,3,2
1316,3,3,4
1317,@2@,  5  ,1
1318,4,4,3
1319,  1  ,6,4
1320,0,1,3
1321,0,*2*,3
1322,1,2,3
1323,$1$,2,1
1324,1,2,1
1325,1,$4$,2
1326,999,3,4
1327,4,1,1
1328,$0$,2,4
1329,2,5,1
1330,@1@,2,1
1331,2,1,1
1332,5,1,3
1333,2,@1@,0
1334,0,*2*,4
1335,4,3,2
1336,1,4,3
1337,1,3,2
1338,1,$6$,1
1339,3,2,0
1340,3,4,4
1341,1,3,5
1342,0,3,4
1343,$2$,1,3
1344,1,2,1
1345,3,2,0
1346,$1$,3,2
1347,2,5,1
1348,1,@6@,3
1349,3,4,2
1350,0,3,1
1351,@1@,5,3
1352,2,$4$,1
1353,@2@,*4*,1
1354,  3  ,1,2
1355,$3$,0,4
1356,1,4,1
1357,$1$,2,1
1358,5,  5  ,1
1359,5,2,2
1360,1,3,5
1361,1,0,3
1362,2,4,1
1363,1,$3$,2
1364,3,4,2
1365,*4*,2,1
1366,0,3,2
1367,4,2,1
1368,3,3,1
1369,4,  2  ,2
1370,0,@2@,4
1371,0,4,1
1372,2,5,1
1373,2,0,3
1374,3,  2  ,2
1375,3,3,1
1376,0,2,2
1377,*3*,2,1
1378,4,5,4
1379,  2  ,1,0
1380,2,8,0
1381,1,5,1
1382,1,1,2
1383,0,4,2
1384,2,3,2
1385,3,1,5
1386,1,2,0
1387,@3@,3,0
1388,3,6,1
1389,2,2,1
1390,2,3,1
1391,2,$4$,2
1392,3,2,4
1393,3,3,1
1394,@2@,0,4
1395,2,0,2
1396,4,5,1
1397,4,2,1
1398,4,1,1
1399,2,3,2
1400,2,3,2
1401,1,3,5
1402,4,4,6
1403,3,0,2
1404,0,0,1
1405,1,1,4
1406,4,$3$,4
1407,1,$2$,1
1408,2,6,4
1409,$1$,3,3
1410,2,4,2
1411,2,2,2
1412,1,5,2
1413,2,3,2
1414,1,3,2
1415,@4@,0,2
1416,1,0,2
1417,2,5,1
1418,@1@,1,4
1419,2,5,4
1420,1,0,2
1421,0,*6*,3
1422,2,3,1
1423,3,@3@,1
1424,1,1,4
1425,3,5,1
1426,1,6,2
1427,3,5,2
1428,2,4,3
1429,2,1,1
1430,1,3,0
1431,  999  ,4,2
1432,4,1,2
1433,3,@2@,2
1434,5,3,1
1435,3,3,0
1436,*1*,2,3
1437,1,@0@,0
1438,2,6,4
1439,1,2,0
1440,999,1,0
1441,1,4,2
1442,*4*,$3$,2
1443,2,4,5
1444,3,3,5
1445,2,0,1
1446,2,4,2
1447,5,7,4
1448,1,2,2
1449,3,1,3
1450,2,3,3
1451,1,2,2
1452,1,5,3
1453,*3*,6,2
1454,2,4,3
1455,0,2,2
1456,2,2,5
1457,0,$4$,2
1458,  4  ,0,3
1459,$2$,1,1
1460,2,4,1
1461,1,5,1
1462,3,*2*,1
1463,1,5,3
1464,3,3,3
1465,2,2,4
1466,3,*1*,0
1467,  4  ,0,2
1468,3,  0  ,3
1469,4,2,6
1470,$1$,1,4
1471,0,1,3
1472,2,3,2
1473,  1  ,  1  ,1
1474,1,3,3
1475,4,5,3
1476,2,1,1
1477,  3  ,2,1
1478,0,*2*,3
1479,999,5,1
1480,$0$,6,4
1481,1,4,3
1482,2,1,3
1483,0,3,1
1484,2,2,3
1485,1,*2*,2
1486,4,4,2
1487,3,2,3
1488,2,3,1
1489,0,3,4
1490,2,2,1
1491,1,2,1
1492,3,1,2
1493,2,2,2
1494,999,  4  ,3
1495,4,4,3
1496,@5@,*0*,0
1497,2,0,2
1498,*0*,2,1
1499,0,4,1
1500,0,3,1
1501,2,*3*,2
1502,@2@,5,1
1503,*4*,1,3
1504,0,3,2
1505,5,6,2
1506,1,1,5
1507,2,  2  ,3
1508,3,2,2
1509,1,5,1
1510,1,2,1
1511,2,1,3
1512,1,2,1
1513,1,6,1
1514,2,4,2
1515,5,5,5
1516,0,2,2
1517,1,$2$,1
1518,2,*2*,4
1519,2,*2*,2
1520,2,3,3
1521,4,3,3
1522,1,*3*,1
1523,1,2,0
1524,$3$,1,3
1525,1,2,1
1526,3,  1  ,2
1527,4,2,2
1528,1,6,3
1529,0,$3$,3
1530,2,*0*,1
1531,3,2,2
1532,2,4,2
1533,0,3,2
1534,1,4,3
1535,2,1,2
1536,2,1,2
1537,$3$,6,3
1538,5,3,1
1539,3,1,2
1540,1,1,2
1541,3,$0$,4
1542,0,1,0
1543,1,3,2
1544,@4@,4,2
1545,0,4,3
1546,2,@2@,1
1547,3,  4  ,3
1548,1,3,1
1549,1,0,0
1550,0,3,1
1551,  1  ,@1@,0
1552,1,1,6
1553,1,@2@,0
1554,1,5,0
1555,1,4,0
1556,0,0,2
1557,  999  ,5,3
1558,2,3,1
1559,4,5,2
1560,4,2,1
1561,4,2,1
1562,$0$,3,1
1563,1,3,2
1564,3,3,1
1565,@3@,3,2
1566,  5  ,*1*,3
1567,1,2,4
1568,1,2,5
1569,3,7,4
1570,2,3,1
1571,1,2,2
1572,  1  ,3,3
1573,1,3,2
1574,1,4,3
1575,  1  ,2,2
1576,1,1,3
1577,2,4,1
1578,2,5,2
1579,0,2,0
1580,2,5,3
1581,4,3,1
1582,1,3,1
1583,1,1,0
1584,4,1,1
1585,  3  ,  4  ,1
1586,*1*,2,5
1587,1,$2$,0
1588,2,2,3
1589,0,5,0
1590,@1@,1,1
1591,0,4,2
1592,1,2,0
1593,0,2,2
1594,0,1,1
1595,5,2,2
1596,2,3,3
1597,0,5,2
1598,1,4,1
1599,4,2,1
1600,2,1,0
1601,1,5,1
1602,1,2,2
1603,3,@4@,3
1604,999,3,0
1605,2,3,4
1606,0,  4  ,1
1607,4,2,2
1608,1,1,2
1609,1,6,3
1610,3,4,3
1611,0,3,1
1612,2,2,1
1613,2,*3*,1
1614,3,4,2
1615,1,3,1
1616,1,3,2
1617,3,2,2
1618,3,4,1
1619,2,4,1
1620,4,2,1
1621,@2@,2,5
1622,2,2,2
1623,2,2,2
1624,2,2,1
1625,3,4,3
1626,2,3,2
1627,$3$,@6@,0
1628,2,5,1
1629,2,2,5
1630,2,4,1
1631,@2@,2,2
1632,@2@,2,2
1633,4,0,2
1634,2,3,0
1635,3,0,2
1636,$3$,0,2
1637,1,4,4
1638,  3  ,$4$,0
1639,1,3,1
1640,*2*,4,4
1641,1,3,4
1642,*1*,6,1
1643,@2@,2,1
1644,1,5,0
1645,4,4,1
1646,3,@3@,5
1647,1,2,2
1648,1,3,1
1649,3,  1  ,1
1650,999,2,2
1651,2,3,3
1652,*1*,$7$,7
1653,*4*,2,2
1654,3,3,3
1655,1,*2*,0
1656,1,4,1
1657,$2$,3,1
1658,3,4,1
1659,2,4,3
1660,4,3,4
1661,2,  5  ,2
1662,0,2,0
1663,3,4,2
1664,1,2,3
1665,@2@,3,2
1666,6,@1@,3
1667,2,1,0
1668,0,*3*,6
1669,2,1,3
1670,0,4,2
1671,3,3,3
1672,1,*1*,3
1673,@3@,1,3
1674,3,4,1
1675,1,1,1
1676,$2$,3,0
1677,5,2,2
1678,4,*6*,2
1679,2,1,7
1680,0,2,3
1681,2,2,1
1682,1,6,2
1683,5,4,5
1684,1,  4  ,3
1685,1,  2  ,1
1686,@3@,4,6
1687,*2*,4,4
1688,2,5,2
1689,1,3,1
1690,3,3,3
1691,2,2,0
1692,4,*4*,2
1693,1,2,1
1694,3,2,1
1695,3,3,0
1696,$4$,1,2
1697,4,*0*,1
1698,1,2,2
1699,1,0,2
1700,1,@4@,1
1701,5,7,2
1702,3,1,2
1703,1,1,3
1704,0,3,3
1705,3,2,0
1706,2,2,3
1707,0,1,1
1708,2,0,2
1709,5,9,4
1710,2,$3$,0
1711,2,5,1
1712,2,2,6
1713,1,2,3
1714,@3@,4,2
1715,*2*,5,0
1716,2,*2*,0
1717,1,3,0
1718,2,2,1
1719,0,2,1
1720,2,$6$,7
1721,1,  3  ,0
1722,0,4,4
1723,1,3,2
1724,1,3,1
1725,3,6,2
1726,1,4,2
1727,1,3,1
1728,3,  2  ,1
1729,2,3,1
1730,3,5,0
1731,2,4,3
1732,@0@,6,1
1733,1,6,0
1734,3,3,2
1735,0,*3*,3
1736,4,2,0
1737,1,5,3
1738,0,3,2
1739,0,2,2
1740,*3*,2,2
1741,$2$,4,2
1742,1,6,0
1743,4,3,2
1744,3,2,3
1745,1,0,1
1746,@4@,7,0
1747,3,5,6
1748,2,*1*,1
1749,@1@,2,3
1750,$1$,2,1
1751,2,3,1
1752,3,$4$,1
1753,2,4,3
1754,2,3,2
1755,2,1,0
1756,1,2,4
1757,0,3,3
1758,3,2,2
1759,$3$,1,1
1760,2,2,1
1761,2,2,3
1762,2,3,2
1763,*1*,5,1
1764,2,4,2
1765,2,2,2
1766,0,3,1
1767,0,$2$,1
1768,3,3,0
1769,0,2,2
1770,1,  3  ,1
1771,1,0,1
1772,*2*,5,2
1773,*1*,4,4
1774,3,3,1
1775,1,@2@,2
1776,$2$,3,2
1777,999,5,5
1778,4,3,3
1779,3,  3  ,2
1780,1,2,3
1781,2,1,2
1782,*2*,4,3
1783,@1@,1,1
1784,1,@2@,2
1785,3,1,0
1786,  0  ,0,3
1787,*0*,0,4
1788,1,1,2
1789,2,3,3
1790,4,4,1
1791,0,3,3
1792,*2*,3,3
1793,1,*3*,3
1794,0,2,2
1795,3,6,1
1796,2,3,3
1797,6,@7@,0
1798,1,3,3
1799,1,4,4
1800,1,1,4
1801,2,1,2
1802,5,*5*,3
1803,5,1,4
1804,1,5,2
1805,1,1,3
1806,$1$,  0  ,5
1807,$2$,3,4
1808,2,5,6
1809,0,3,0
1810,5,1,2
1811,4,*5*,4
1812,2,1,0
1813,4,3,0
1814,*1*,4,2
1815,3,2,4
1816,1,3,2
1817,5,0,1
1818,2,3,2
1819,4,4,0
1820,5,7,5
1821,4,2,1
1822,2,0,5
1823,2,3,3
1824,1,$4$,3
1825,4,3,3
1826,3,1,3
1827,0,2,2
1828,0,*5*,1
1829,5,$5$,3
1830,@0@,2,1
1831,2,3,3
1832,2,  0  ,1
1833,0,$2$,1
1834,4,4,3
1835,*0*,4,0
1836,1,4,4
1837,2,3,2
1838,2,3,4
1839,2,@1@,1
1840,1,*3*,1
1841,@1@,$4$,1
1842,*3*,$5$,1
1843,$0$,3,2
1844,$4$,4,6
1845,  1  ,3,2
1846,6,3,3
1847,1,  2  ,2
1848,3,5,1
1849,1,3,2
1850,5,3,0
1851,1,1,3
1852,0,2,5
1853,0,4,1
1854,*3*,3,0
1855,1,3,4
1856,2,1,3
1857,2,6,3
1858,2,1,3
1859,2,3,3
1860,999,6,1
1861,1,2,1
1862,0,*3*,0
1863,1,5,2
1864,@3@,5,2
1865,3,$1$,2
1866,  2  ,4,3
1867,3,4,2
1868,4,5,2
1869,3,1,2
1870,3,  3  ,1
1871,@0@,3,3
1872,0,*1*,1
1873,*1*,2,3
1874,1,2,2
1875,4,4,0
1876,1,0,1
1877,2,3,3
1878,3,2,2
1879,1,3,1
1880,*6*,2,2
1881,2,3,0
1882,@0@,2,3
1883,2,1,2
1884,  1  ,5,1
1885,3,7,6
1886,4,3,5
1887,@3@,$3$,1
1888,1,1,0
1889,3,3,1
1890,3,$3$,4
1891,4,3,0
1892,  0  ,3,1
1893,@3@,3,1
1894,  2  ,*5*,2
1895,2,1,2
1896,4,3,1
1897,2,2,1
1898,4,5,2
1899,4,@4@,1
1900,*5*,7,3
1901,1,6,1
1902,5,*2*,4
1903,3,2,2
1904,1,2,3
1905,3,4,3
1906,@0@,1,6
1907,5,*1*,3
1908,999,1,2
1909,1,4,1
1910,0,3,1
1911,1,1,2
1912,  2  ,@1@,1
1913,0,4,6
1914,3,4,2
1915,1,1,2
1916,1,1,3
1917,$1$,$4$,0
1918,0,1,2
1919,  2  ,2,5
1920,1,3,2
1921,2,5,1
1922,3,2,0
1923,2,*2*,2
1924,2,5,5
1925,@1@,2,3
1926,3,4,3
1927,2,3,0
1928,5,2,1
1929,2,5,1
1930,  2  ,5,3
1931,3,1,3
1932,2,4,1
1933,3,1,3
1934,4,4,2
1935,@1@,2,2
1936,1,5,2
1937,0,4,3
1938,3,1,1
1939,0,4,3
1940,@1@,2,0
1941,@2@,@4@,1
1942,5,2,1
1943,1,@2@,3
1944,3,2,1
1945,1,2,1
1946,1,5,2
1947,4,3,1
1948,  2  ,4,2
1949,1,2,4
1950,2,  4  ,3
1951,@4@,$2$,1
1952,6,2,2
1953,4,*3*,4
1954,0,4,3
1955,4,1,3
1956,0,3,2
1957,1,3,1
1958,3,6,1
1959,1,3,3
1960,2,3,1
1961,4,@4@,1
1962,*3*,7,3
1963,0,3,3
1964,3,$5$,2
1965,1,1,4
1966,1,4,1
1967,$2$,2,2
1968,3,3,1
1969,3,4,0
1970,4,  1  ,3
1971,*4*,4,2
1972,1,1,2
1973,2,2,0
1974,3,8,1
1975,@0@,3,1
1976,@5@,4,3
1977,1,*3*,1
1978,4,@1@,3
1979,2,2,1
1980,2,  5  ,2
1981,  0  ,  2  ,5
1982,@2@,  3  ,0
1983,7,$3$,3
1984,$1$,4,1
1985,@1@,5,1
1986,5,1,2
1987,$0$,9,1
1988,2,4,3
1989,2,*2*,1
1990,0,5,2
1991,4,0,1
1992,  0  ,0,2
1993,2,2,3
1994,1,4,0
1995,1,4,3
1996,@4@,7,0
1997,  3  ,1,2
1998,  3  ,2,2
1999,2,3,3
2000,5,2,0
2001,2,2,1
2002,1,2,2
2003,1,6,1
2004,1,4,2
2005,4,4,3
2006,$2$,3,0
2007,@2@,*3*,3
2008,2,3,2
2009,$5$,4,1
2010,0,3,1
2011,2,3,0
2012,$4$,5,1
2013,0,*3*,2
2014,1,@1@,2
2015,0,3,1
2016,4,2,2
2017,  999  ,1,0
2018,2,  1  ,3
2019,2,4,3
2020,  4  ,3,4
2021,$2$,4,1
2022,1,4,2
2023,3,1,2
2024,4,7,2
2025,2,3,4
2026,1,3,2
2027,0,5,4
2028,1,3,0
2029,1,*1*,2
2030,1,@5@,1
2031,2,2,1
2032,$3$,2,2
2033,3,4,1
2034,2,2,5
2035,$2$,6,2
2036,$0$,5,2
2037,2,@6@,4
2038,@0@,*6*,2
2039,999,3,4
2040,3,4,1
2041,@2@,4,1
2042,3,4,2
2043,1,5,1
2044,$2$,1,4
2045,2,4,1
2046,*0*,3,1
2047,1,@5@,2
2048,2,4,4
2049,3,4,0
2050,1,3,1
2051,@2@,3,2
2052,3,3,2
2053,2,4,4
2054,$5$,1,1
2055,5,3,1
2056,1,2,1
2057,$3$,4,5
2058,$2$,  3  ,2
2059,4,@5@,0
2060,1,*0*,1
2061,2,*4*,3
2062,0,3,2
2063,5,2,3
2064,4,4,2
2065,1,2,1
2066,999,2,2
2067,1,5,2
2068,*1*,4,3
2069,2,2,1
2070,$1$,3,1
2071,1,$1$,2
2072,2,1,0
2073,@4@,5,1
2074,1,2,2
2075,1,*2*,4
2076,2,3,0
2077,@2@,6,1
2078,2,3,1
2079,2,4,2
2080,  0  ,4,2
2081,2,2,3
2082,  999  ,2,3
2083,3,  2  ,3
2084,0,@2@,3
2085,1,0,3
2086,@2@,2,4
2087,*3*,2,2
2088,1,4,3
2089,3,1,2
2090,3,  2  ,2
2091,3,5,4
2092,1,4,3
2093,*1*,3,2
2094,2,  3  ,2
2095,5,3,2
2096,4,$1$,1
2097,5,2,3
2098,1,@2@,4
2099,  3  ,1,1
2100,@3@,6,0
2101,2,2,2
2102,0,3,3
2103,4,1,5
2104,3,3,2
2105,4,  3  ,0
2106,0,5,0
2107,@1@,4,2
2108,1,2,0
2109,1,1,2
2110,3,5,2
2111,$4$,*4*,2
2112,1,3,0
2113,5,3,0
2114,1,3,4
2115,3,*1*,5
2116,1,1,0
2117,5,2,0
2118,1,5,1
2119,3,  3  ,2
2120,1,*1*,2
2121,4,  5  ,3
2122,1,3,4
2123,0,5,2
2124,1,  3  ,2
2125,0,6,7
2126,1,3,4
2127,2,0,4
2128,2,2,3
2129,3,2,1
2130,3,  6  ,3
2131,*0*,4,3
2132,3,  4  ,1
2133,$4$,1,3
2134,$4$,2,2
2135,1,4,1
2136,2,  2  ,2
2137,3,7,1
2138,0,5,2
2139,3,1,1
2140,4,2,4
2141,4,1,1
2142,3,0,1
2143,0,6,3
2144,6,0,4
2145,$3$,5,1
2146,1,6,5
2147,$4$,1,4
2148,1,3,5
2149,2,$0$,1
2150,3,0,1
2151,4,5,0
2152,0,$3$,0
2153,1,6,5
2154,0,3,2
2155,3,4,3
2156,1,2,2
2157,4,5,2
2158,4,5,1
2159,1,7,2
2160,*2*,1,6
2161,2,1,1
2162,$2$,2,0
2163,1,  2  ,2
2164,  3  ,1,2
2165,@2@,$3$,1
2166,2,5,3
2167,1,8,2
2168,$2$,1,2
2169,@1@,@4@,1
2170,1,4,2
2171,2,1,2
2172,1,1,4
2173,4,1,4
2174,$0$,3,3
2175,3,1,1
2176,@0@,4,2
2177,4,5,3
2178,  6  ,5,0
2179,3,1,4
2180,  1  ,4,1
2181,0,3,2
2182,2,4,1
2183,1,2,4
2184,3,2,5
2185,2,2,3
2186,3,5,2
2187,2,3,4
2188,@3@,1,2
2189,2,4,1
2190,*0*,3,0
2191,3,*7*,3
2192,1,2,2
2193,*1*,3,3
2194,1,2,2
2195,0,@3@,6
2196,@1@,4,2
2197,  1  ,2,2
2198,999,*4*,1
2199,3,@0@,1
2200,2,3,4
2201,0,2,2
2202,2,*4*,1
2203,999,$4$,4
2204,1,3,1
2205,1,3,2
2206,4,0,0
2207,3,2,1
2208,$1$,5,2
2209,  0  ,6,0
2210,1,6,4
2211,1,  1  ,1
2212,0,3,2
2213,1,3,1
2214,2,@4@,1
2215,@3@,4,4
2216,1,2,2
2217,3,3,1
2218,0,5,7
2219,0,1,2
2220,3,6,5
2221,1,1,0
2222,5,4,3
2223,2,2,3
2224,1,2,2
2225,1,4,1
2226,2,  4  ,0
2227,0,3,1
2228,4,1,2
2229,1,$5$,1
2230,1,  5  ,1
2231,1,2,3
2232,2,3,1
2233,4,  4  ,6
2234,$999$,6,2
2235,3,1,4
2236,1,$5$,5
2237,@1@,2,1
2238,4,6,2
2239,5,$1$,1
2240,1,$4$,2
2241,1,3,3
2242,$2$,7,1
2243,3,2,1
2244,*1*,3,1
2245,1,3,2
2246,*1*,2,2
2247,3,2,1
2248,1,*1*,4
2249,$3$,4,2
2250,0,3,1
2251,1,2,1
2252,*1*,3,1
2253,$3$,2,2
2254,*1*,3,2
2255,4,4,2
2256,0,$1$,3
2257,0,3,1
2258,999,*4*,2
2259,0,$2$,2
2260,$3$,3,3
2261,1,4,2
2262,$1$,5,2
2263,1,4,0
2264,3,0,2
2265,6,1,0
2266,1,3,2
2267,2,0,7
2268,0,2,5
2269,3,*5*,2
2270,2,2,2
2271,1,3,3
2272,3,  3  ,4
2273,999,4,0
2274,3,5,3
2275,@1@,4,2
2276,@2@,3,0
2277,0,*1*,2
2278,1,1,0
2279,  1  ,3,0
2280,1,$4$,1
2281,999,2,2
2282,1,2,0
2283,4,2,3
2284,1,1,0
2285,2,6,2
2286,*2*,$5$,0
2287,@4@,2,1
2288,2,1,2
2289,6,0,3
2290,2,7,3
2291,2,0,1
2292,  1  ,4,3
2293,3,$2$,3
2294,0,4,1
2295,1,1,0
2296,2,@5@,3
2297,1,5,0
2298,2,@2@,4
2299,3,3,1
2300,1,  1  ,3
2301,@3@,0,2
2302,999,@6@,3
2303,3,2,3
2304,*1*,@3@,1
2305,*2*,@2@,1
2306,2,7,3
2307,3,*3*,2
2308,3,3,2
2309,*1*,2,2
2310,3,4,2
2311,3,1,2
2312,4,1,3
2313,2,*1*,4
2314,2,1,1
2315,1,3,3
2316,999,2,1
2317,1,$2$,4
2318,$3$,4,0
2319,2,2,1
2320,*3*,1,1
2321,2,1,2
2322,3,1,3
2323,5,2,4
2324,0,  0  ,2
2325,2,4,5
2326,0,3,2
2327,  1  ,2,1
2328,2,8,3
2329,*0*,@3@,5
2330,2,2,2
2331,1,0,4
2332,*2*,4,3
2333,$0$,4,3
2334,1,$5$,1
2335,1,1,3
2336,2,2,4
2337,1,$5$,2
2338,3,4,1
2339,3,$3$,0
2340,1,7,2
2341,2,3,2
2342,$3$,3,3
2343,4,@3@,1
2344,@1@,2,3
2345,2,$4$,2
2346,1,4,3
2347,@2@,1,1
2348,2,0,4
2349,2,$3$,1
2350,*3*,4,2
2351,2,4,3
2352,2,3,2
2353,3,2,1
2354,@0@,1,3
2355,  3  ,@2@,2
2356,2,1,3
2357,7,4,1
2358,4,3,0
2359,2,3,1
2360,0,4,1
2361,2,0,3
2362,0,5,3
2363,1,2,2
2364,3,6,4
2365,  1  ,3,2
2366,  2  ,@2@,0
2367,1,6,3
2368,1,$4$,2
2369,2,  5  ,2
2370,0,2,3
2371,4,3,4
2372,3,$2$,2
2373,0,  2  ,1
2374,$1$,  1  ,3
2375,$5$,2,1
2376,3,5,2
2377,1,5,4
2378,  3  ,$5$,5
2379,*2*,1,2
2380,2,6,0
2381,5,5,1
2382,1,1,0
2383,3,5,0
2384,5,3,1
2385,0,2,0
2386,0,$4$,2
2387,2,5,4
2388,0,3,0
2389,7,5,3
2390,@0@,1,0
2391,$2$,5,4
2392,*1*,1,2
2393,1,1,3
2394,4,*2*,1
2395,3,1,1
2396,@0@,  3  ,3
2397,1,1,4
2398,2,4,1
2399,0,3,1
2400,0,0,3
2401,0,3,3
2402,1,3,1
2403,4,5,2
2404,2,  1  ,2
2405,@4@,2,1
2406,  1  ,2,4
2407,3,@1@,2
2408,3,2,1
2409,2,2,1
2410,0,3,0
2411,5,3,1
2412,1,2,3
2413,*3*,1,0
2414,1,@4@,2
2415,0,*1*,4
2416,2,3,1
2417,3,2,1
2418,1,1,2
2419,*2*,1,0
2420,1,2,5
2421,1,4,1
2422,  4  ,3,1
2423,1,3,1
2424,1,  0  ,2
2425,3,3,0
2426,1,2,3
2427,  1  ,4,2
2428,  1  ,$3$,1
2429,2,  5  ,0
2430,1,2,3
2431,3,2,3
2432,3,2,1
2433,1,4,0
2434,2,@3@,4
2435,  5  ,2,2
2436,1,1,1
2437,3,5,5
2438,1,6,0
2439,0,4,5
2440,5,1,0
2441,3,0,0
2442,4,2,3
2443,2,2,6
2444,*2*,3,3
2445,1,$2$,3
2446,4,@0@,5
2447,@3@,1,1
2448,3,1,3
2449,@4@,3,1
2450,6,@2@,6
2451,0,3,0
2452,999,3,3
2453,  1  ,4,3
2454,2,3,4
2455,4,@3@,0
2456,3,3,3
2457,1,7,2
2458,  3  ,@6@,2
2459,2,1,5
2460,1,2,2
2461,  4  ,4,2
2462,3,4,0
2463,2,@5@,2
2464,0,4,1
2465,0,2,3
2466,2,1,4
2467,  2  ,3,1
2468,@2@,3,2
2469,2,3,1
2470,2,  5  ,5
2471,2,  1  ,2
2472,  3  ,3,0
2473,0,*2*,1
2474,4,*2*,3
2475,4,4,0
2476,1,0,0
2477,$2$,5,2
2478,  4  ,2,5
2479,4,4,0
2480,0,3,2
2481,3,2,2
2482,4,$3$,1
2483,2,1,2
2484,2,  4  ,3
2485,@2@,0,2
2486,3,1,2
2487,1,*1*,4
2488,$1$,*5*,0
2489,@1@,5,3
2490,0,2,1
2491,*2*,0,1
2492,$2$,4,2
2493,4,  0  ,1
2494,2,  3  ,1
2495,2,4,2
2496,1,1,3
2497,@3@,5,4
2498,2,2,4
2499,$0$,$5$,3
2500,*1*,3,3
2501,3,4,2
2502,  0  ,4,2
2503,@3@,3,3
2504,1,4,0
2505,4,2,1
2506,2,4,3
2507,0,2,3
2508,$1$,3,3
2509,2,5,2
2510,1,3,1
2511,5,  1  ,3
2512,$3$,1,3
2513,1,5,1
2514,2,5,3
2515,3,3,1
2516,1,4,1
2517,2,2,0
2518,1,3,1
2519,0,2,1
2520,1,1,1
2521,2,0,2
2522,2,1,4
2523,1,3,2
2524,*1*,4,3
2525,4,4,1
2526,5,6,4
2527,3,  1  ,2
2528,2,3,2
2529,4,2,1
2530,0,3,3
2531,1,4,2
2532,1,4,2
2533,3,3,2
2534,3,3,2
2535,0,  4  ,2
2536,4,5,2
2537,0,2,4
2538,3,4,2
2539,3,5,4
2540,0,8,0
2541,1,3,1
2542,3,5,0
2543,5,1,2
2544,1,4,5
2545,3,@5@,4
2546,*2*,$7$,3
2547,2,4,3
2548,1,5,2
2549,2,6,2
2550,@2@,6,2
2551,1,4,2
2552,3,6,2
2553,2,3,1
2554,0,2,1
2555,*3*,4,1
2556,  0  ,3,2
2557,@2@,*2*,2
2558,2,3,3
2559,5,0,1
2560,0,8,2
2561,2,  2  ,2
2562,1,3,2
2563,1,$0$,0
2564,4,  2  ,0
2565,  3  ,$6$,3
2566,2,4,2
2567,3,2,3
2568,1,*2*,2
2569,2,4,3
2570,2,2,3
2571,1,2,0
2572,3,2,1
2573,5,5,4
2574,1,2,1
2575,2,3,1
2576,4,4,3
2577,1,6,1
2578,@1@,$7$,0
2579,@1@,  4  ,2
2580,1,1,4
2581,1,6,4
2582,2,0,4
2583,2,4,1
2584,5,1,2
2585,3,$3$,4
2586,2,5,0
2587,2,3,2
2588,2,4,1
2589,3,1,3
2590,2,2,1
2591,999,2,4
2592,3,3,1
2593,3,4,2
2594,4,2,4
2595,@1@,2,1
2596,0,3,3
2597,2,*0*,4
2598,$3$,@5@,4
2599,1,2,3
2600,2,3,4
2601,0,1,1
2602,@3@,3,1
2603,0,1,2
2604,1,5,3
2605,$3$,3,1
2606,1,5,1
2607,@3@,  3  ,1
2608,2,  4  ,1
2609,1,6,2
2610,2,2,1
2611,4,1,4
2612,  1  ,4,2
2613,0,3,3
2614,$999$,*4*,0
2615,3,$3$,3
2616,1,2,3
2617,1,3,6
2618,2,5,3
2619,2,5,2
2620,4,2,2
2621,0,3,5
2622,6,5,2
2623,3,1,1
2624,3,2,0
2625,2,@1@,0
2626,3,2,3
2627,0,4,3
2628,1,1,3
2629,0,0,3
2630,2,3,5
2631,1,*2*,0
2632,2,6,1
2633,  2  ,4,3
2634,999,5,3
2635,3,2,1
2636,1,3,1
2637,2,@5@,4
2638,3,5,1
2639,2,2,1
2640,3,6,2
2641,0,5,2
2642,2,5,2
2643,2,*4*,1
2644,3,1,1
2645,5,4,3
2646,3,2,1
2647,1,  5  ,2
2648,1,3,0
2649,*1*,$4$,2
2650,3,4,4
2651,4,4,2
2652,2,@2@,2
2653,1,2,2
2654,1,1,1
2655,0,6,1
2656,1,2,1
2657,4,@4@,1
2658,4,2,0
2659,2,*5*,0
2660,3,3,1
2661,3,*3*,2
2662,2,3,4
2663,4,2,0
2664,1,4,4
2665,1,0,0
2666,$1$,  6  ,3
2667,2,0,3
2668,$3$,3,4
2669,3,4,6
2670,1,0,0
2671,$2$,3,2
2672,0,1,0
2673,1,3,3
2674,1,2,2
2675,2,@5@,1
2676,4,3,1
2677,2,*2*,2
2678,  4  ,5,3
2679,2,3,0
2680,3,3,0
2681,@4@,*3*,0
2682,3,1,2
2683,2,3,2
2684,4,  2  ,1
2685,0,5,8
2686,$2$,$0$,2
2687,1,4,3
2688,3,2,4
2689,@1@,3,1
2690,*2*,  1  ,4
2691,0,4,3
2692,4,3,4
2693,@4@,1,1
2694,$2$,4,1
2695,1,3,2
2696,4,  5  ,1
2697,@0@,2,2
2698,$1$,2,2
2699,0,  0  ,4
2700,1,4,2
2701,1,2,1
2702,2,3,2
2703,0,5,3
2704,1,4,4
2705,$2$,10,4
2706,  1  ,1,1
2707,4,1,3
2708,3,@7@,2
2709,2,3,0
2710,1,2,3
2711,2,4,6
2712,@1@,4,2
2713,2,3,2
2714,2,3,2
2715,@0@,2,1
2716,3,1,2
2717,5,4,3
2718,1,1,1
2719,1,2,2
2720,3,3,2
2721,  1  ,6,0
2722,1,2,2
2723,2,3,1
2724,@2@,7,2
2725,0,*1*,1
2726,2,2,3
2727,4,2,0
2728,3,2,2
2729,2,5,2
2730,5,7,4
2731,2,1,2
2732,3,3,1
2733,*1*,1,3
2734,  3  ,@5@,0
2735,2,2,1
2736,1,5,2
2737,3,1,0
2738,0,6,1
2739,6,1,0
2740,4,2,2
2741,  3  ,1,3
2742,3,3,2
2743,2,5,1
2744,2,1,1
2745,2,7,4
2746,*1*,*6*,3
2747,2,4,1
2748,3,2,1
2749,  0  ,3,3
2750,$0$,2,5
2751,*1*,6,2
2752,2,0,3
2753,2,6,4
2754,$3$,2,2
2755,@1@,*1*,2
2756,3,6,0
2757,1,4,1
2758,4,3,0
2759,1,6,3
2760,$2$,  1  ,0
2761,$2$,3,2
2762,1,3,2
2763,4,0,3
2764,1,$1$,1
2765,1,2,2
2766,1,2,3
2767,5,2,1
2768,3,5,1
2769,0,2,2
2770,0,2,2
2771,3,2,1
2772,1,4,0
2773,@1@,2,1
2774,1,2,1
2775,0,3,4
2776,@1@,7,0
2777,3,2,1
2778,$2$,3,1
2779,  5  ,3,1
2780,2,$1$,3
2781,2,1,1
2782,  2  ,4,0
2783,1,$6$,2
2784,  1  ,4,5
2785,4,@2@,0
2786,1,5,1
2787,2,@3@,3
2788,1,0,2
2789,*0*,1,0
2790,2,3,2
2791,*3*,2,4
2792,3,2,1
2793,0,2,2
2794,4,4,3
2795,@5@,2,3
2796,1,3,4
2797,1,6,2
2798,  0  ,4,2
2799,3,2,3
2800,0,4,2
2801,4,$1$,3
2802,@1@,$2$,0
2803,0,2,1
2804,2,  5  ,1
2805,3,4,2
2806,3,6,0
2807,1,2,0
2808,2,6,1
2809,1,3,1
2810,8,2,1
2811,1,  0  ,1
2812,1,*3*,2
2813,*2*,3,2
2814,0,@6@,4
2815,3,1,1
2816,2,4,3
2817,3,2,1
2818,1,@4@,1
2819,3,6,2
2820,2,$5$,2
2821,2,2,3
2822,3,0,2
2823,2,2,1
2824,3,3,2
2825,$0$,@1@,2
2826,2,0,4
2827,1,  3  ,3
2828,2,5,2
2829,2,2,4
2830,2,4,3
2831,1,2,1
2832,  1  ,3,3
2833,2,3,2
2834,3,  4  ,1
2835,0,4,2
2836,@4@,$5$,0
2837,3,3,1
2838,1,1,2
2839,3,2,2
2840,5,$3$,3
2841,2,3,2
2842,2,0,1
2843,999,*4*,1
2844,3,1,1
2845,1,$2$,2
2846,3,6,2
2847,4,3,1
2848,1,3,2
2849,1,2,2
2850,1,4,3
2851,0,5,1
2852,@1@,1,2
2853,3,5,2
2854,2,1,2
2855,2,4,1
2856,999,2,4
2857,  2  ,2,0
2858,1,0,1
2859,2,1,1
2860,$4$,4,5
2861,1,3,2
2862,1,5,5
2863,2,7,2
2864,2,3,0
2865,1,$2$,1
2866,2,0,4
2867,1,2,3
2868,2,0,3
2869,2,3,2
2870,0,3,2
2871,1,3,1
2872,2,5,5
2873,1,4,0
2874,3,$2$,1
2875,0,2,3
2876,@1@,3,3
2877,999,3,3
2878,1,  3  ,3
2879,1,2,6
2880,2,4,2
2881,  0  ,3,3
2882,@0@,3,0
2883,$3$,*2*,6
2884,0,$4$,1
2885,2,0,0
2886,  3  ,0,0
2887,1,4,1
2888,3,@4@,7
2889,1,*2*,4
2890,2,$2$,0
2891,4,2,2
2892,2,4,2
2893,1,4,3
2894,0,4,3
2895,  3  ,1,4
2896,1,1,0
2897,1,  3  ,1
2898,*4*,7,1
2899,2,2,2
2900,  4  ,3,1
2901,  4  ,  3  ,0
2902,6,4,2
2903,2,5,1
2904,3,2,3
2905,0,3,2
2906,4,2,3
2907,1,1,2
2908,1,7,3
2909,3,5,2
2910,2,1,3
2911,1,4,2
2912,1,@3@,3
2913,3,4,2
2914,2,@6@,2
2915,4,5,1
2916,2,@4@,1
2917,4,3,1
2918,1,*3*,2
2919,5,5,1
2920,3,2,2
2921,3,  1  ,4
2922,@3@,  1  ,4
2923,$2$,1,1
2924,3,2,2
2925,4,*2*,2
2926,2,3,1
2927,2,3,1
2928,1,@2@,2
2929,0,1,1
2930,2,2,1
2931,2,0,5
2932,2,1,2
2933,0,4,3
2934,3,1,3
2935,1,7,1
2936,*0*,5,5
2937,2,@1@,3
2938,2,5,2
2939,1,@1@,2
2940,2,  4  ,1
2941,1,@3@,1
2942,1,3,0
2943,2,6,4
2944,1,4,1
2945,  6  ,6,1
2946,2,3,1
2947,2,3,2
2948,@0@,0,1
2949,2,0,1
2950,1,4,2
2951,0,6,0
2952,1,3,1
2953,3,1,3
2954,*1*,4,5
2955,0,2,1
2956,3,2,2
2957,$1$,2,2
2958,2,$1$,3
2959,$3$,1,3
2960,$1$,1,2
2961,3,$5$,4
2962,2,2,4
2963,2,5,4
2964,4,$0$,3
2965,*3*,4,1
2966,3,1,1
2967,0,3,0
2968,1,@3@,3
2969,3,6,1
2970,*2*,$2$,0
2971,4,4,0
2972,2,5,2
2973,$0$,1,1
2974,1,1,1
2975,1,2,2
2976,2,3,0
2977,3,4,1
2978,3,2,1
2979,1,1,1
2980,3,7,1
2981,3,1,1
2982,2,6,2
2983,2,2,3
2984,5,4,4
2985,0,2,1
2986,@5@,2,2
2987,0,1,1
2988,2,3,1
2989,2,@0@,4
2990,2,7,2
2991,1,2,3
2992,0,5,4
2993,3,5,1
2994,1,$2$,1
2995,*4*,3,2
2996,@0@,3,1
2997,0,4,2
2998,1,2,2
2999,5,*2*,7
3000,$4$,5,1
3001,4,1,4
3002,3,2,0
3003,$1$,  4  ,3
3004,1,0,0
3005,4,$1$,2
3006,3,2,3
3007,3,4,1
3008,1,2,3
3009,@2@,1,4
3010,5,5,4
3011,3,4,3
3012,2,*4*,0
3013,2,4,1
3014,2,4,1
3015,2,5,0
3016,5,6,2
3017,2,@3@,2
3018,2,3,1
3019,2,2,3
3020,0,  1  ,3
3021,1,4,0
3022,3,@1@,1
3023,0,1,2
3024,2,4,5
3025,5,@3@,3
3026,1,1,2
3027,2,2,0
3028,2,  2  ,4
3029,2,1,4
3030,2,*3*,2
3031,1,2,3
3032,2,2,3
3033,4,4,0
3034,3,4,3
3035,$2$,2,1
3036,0,1,4
3037,3,0,2
3038,4,3,4
3039,1,2,1
3040,*0*,4,4
3041,@3@,3,3
3042,@999@,3,3
3043,1,*4*,0
3044,0,@3@,2
3045,1,$1$,1
3046,$1$,2,1
3047,3,2,0
3048,1,3,2
3049,2,2,1
3050,4,1,3
3051,0,2,1
3052,1,  3  ,3
3053,@1@,4,2
3054,1,2,2
3055,4,1,2
3056,2,  2  ,1
3057,0,2,1
3058,*2*,4,1
3059,1,3,3
3060,4,  4  ,0
3061,2,1,3
3062,2,$4$,1
3063,0,6,2
3064,5,2,2
3065,4,2,1
3066,3,$1$,3
3067,0,2,3
3068,1,2,1
3069,2,3,1
3070,3,6,3
3071,3,8,4
3072,1,3,1
3073,$1$,2,3
3074,3,3,3
3075,2,@1@,2
3076,1,3,3
3077,4,5,3
3078,1,3,4
3079,2,2,3
3080,2,5,4
3081,3,*8*,3
3082,1,5,0
3083,0,2,2
3084,2,3,3
3085,1,6,0
3086,1,4,1
3087,3,3,1
3088,1,6,4
3089,$0$,4,2
3090,2,3,1
3091,1,2,2
3092,4,7,1
3093,3,4,2
3094,1,$0$,0
3095,2,3,1
3096,  2  ,2,5
3097,2,2,3
3098,1,3,1
3099,$2$,$2$,4
3100,1,2,1
3101,0,3,1
3102,1,1,0
3103,0,2,0
3104,2,1,4
3105,1,3,2
3106,$2$,2,3
3107,999,2,3
3108,1,1,2
3109,1,2,0
3110,3,3,2
3111,2,  7  ,3
3112,2,5,2
3113,2,@3@,1
3114,*1*,3,6
3115,5,$2$,3
3116,1,1,2
3117,$2$,3,3
3118,1,4,2
3119,1,6,2
3120,3,4,4
3121,1,4,0
3122,2,0,3
3123,4,1,1
3124,2,4,2
3125,1,*6*,2
3126,2,3,1
3127,3,1,1
3128,2,3,2
3129,1,2,5
3130,1,$6$,4
3131,*3*,@1@,2
3132,1,*2*,2
3133,4,4,4
3134,$2$,3,1
3135,*1*,5,0
3136,4,4,1
3137,1,*2*,1
3138,*0*,2,1
3139,3,0,0
3140,3,5,3
3141,5,2,2
3142,4,8,0
3143,6,2,1
3144,0,  3  ,0
3145,0,1,0
3146,2,2,3
3147,  2  ,6,3
3148,1,*3*,6
3149,3,2,2
3150,@4@,5,5
3151,3,$8$,2
3152,0,3,1
3153,1,3,1
3154,4,7,2
3155,*3*,2,1
3156,3,3,4
3157,3,4,5
3158,2,5,2
3159,2,@3@,2
3160,999,3,1
3161,3,2,3
3162,  2  ,2,1
3163,2,2,1
3164,1,1,1
3165,3,5,2
3166,*2*,*3*,2
3167,3,2,1
3168,0,$5$,3
3169,4,0,2
3170,1,2,1
3171,0,5,1
3172,2,@4@,1
3173,2,2,1
3174,3,1,3
3175,1,0,5
3176,4,*5*,3
3177,2,3,2
3178,0,4,2
3179,@2@,0,2
3180,0,2,1
3181,1,2,2
3182,5,1,3
3183,0,2,4
3184,3,2,0
3185,0,4,1
3186,$0$,3,2
3187,*2*,2,5
3188,  4  ,2,3
3189,$2$,  2  ,2
3190,2,1,3
3191,0,6,0
3192,1,1,7
3193,0,3,1
3194,1,3,1
3195,1,5,1
3196,0,$4$,5
3197,@2@,4,2
3198,0,$2$,7
3199,2,  5  ,2
3200,5,5,3
3201,2,2,1
3202,2,*4*,5
3203,4,5,0
3204,4,3,4
3205,$4$,$3$,0
3206,2,1,2
3207,2,5,2
3208,3,3,1
3209,2,$5$,1
3210,  2  ,5,2
3211,2,2,2
3212,  1  ,6,3
3213,6,3,3
3214,3,*4*,2
3215,2,2,2
3216,1,6,3
3217,3,4,1
3218,1,1,3
3219,$3$,1,0
3220,0,0,1
3221,2,3,0
3222,2,1,4
3223,5,5,4
3224,0,2,3
3225,1,5,3
3226,3,  2  ,3
3227,2,1,3
3228,2,*2*,1
3229,0,5,4
3230,1,5,1
3231,999,@3@,1
3232,3,1,1
3233,2,3,1
3234,*1*,5,2
3235,2,*1*,2
3236,@4@,4,2
3237,2,3,2
3238,1,3,3
3239,2,1,1
3240,3,$3$,0
3241,@1@,2,2
3242,1,1,3
3243,3,4,1
3244,2,2,0
3245,  2  ,@4@,5
3246,$0$,1,2
3247,1,@3@,1
3248,$0$,2,1
3249,1,6,1
3250,3,0,0
3251,4,*4*,0
3252,@0@,2,0
3253,4,$2$,2
3254,2,@2@,0
3255,@1@,  7  ,1
3256,1,$1$,2
3257,6,3,3
3258,2,3,2
3259,2,4,1
3260,@1@,4,1
3261,2,3,2
3262,@1@,2,3
3263,1,$4$,4
3264,2,5,3
3265,0,*3*,2
3266,1,1,3
3267,4,4,2
3268,5,3,4
3269,2,$1$,3
3270,1,2,6
3271,2,  3  ,0
3272,3,5,2
3273,0,$3$,0
3274,2,2,3
3275,0,3,4
3276,*2*,  1  ,0
3277,999,1,2
3278,  1  ,1,2
3279,@5@,2,1
3280,2,4,1
3281,4,@2@,0
3282,2,3,3
3283,3,3,2
3284,4,2,1
3285,*1*,4,3
3286,0,0,1
3287,3,3,2
3288,*5*,5,4
3289,2,3,2
3290,4,4,1
3291,*2*,5,1
3292,  3  ,*5*,3
3293,3,7,2
3294,1,3,3
3295,1,1,3
3296,$4$,7,1
3297,2,1,3
3298,2,3,2
3299,999,1,0
3300,999,2,0
3301,4,1,1
3302,3,5,2
3303,  0  ,0,0
3304,4,3,3
3305,@1@,$1$,2
3306,3,$2$,2
3307,1,4,1
3308,2,1,5
3309,4,0,4
3310,2,3,2
3311,@3@,1,3
3312,1,0,4
3313,$0$,2,2
3314,@2@,6,2
3315,0,$5$,2
3316,  4  ,1,3
3317,3,  1  ,3
3318,1,7,3
3319,2,3,2
3320,0,4,1
3321,2,5,1
3322,6,@2@,6
3323,1,*5*,1
3324,1,5,1
3325,$2$,0,2
3326,3,2,0
3327,3,  2  ,2
3328,5,  1  ,6
3329,0,6,2
3330,4,*1*,4
3331,4,2,3
3332,1,7,0
3333,$2$,2,4
3334,3,1,3
3335,2,3,3
3336,2,3,2
3337,1,6,4
3338,1,1,1
3339,@4@,3,2
3340,5,2,1
3341,4,@4@,0
3342,2,4,1
3343,1,3,1
3344,2,1,3
3345,*4*,3,2
3346,2,6,3
3347,1,2,2
3348,3,3,1
3349,0,$5$,3
3350,2,4,4
3351,3,$3$,1
3352,3,3,1
3353,1,$4$,2
3354,3,4,2
3355,1,@1@,2
3356,$4$,0,1
3357,3,4,4
3358,  1  ,3,1
3359,0,2,3
3360,3,2,2
3361,4,4,0
3362,0,3,1
3363,$1$,2,1
3364,3,  3  ,2
3365,0,4,1
3366,5,$2$,4
3367,  1  ,5,1
3368,0,2,4
3369,4,2,3
3370,3,1,3
3371,*2*,1,2
3372,1,9,5
3373,@2@,  4  ,1
3374,*4*,4,0
3375,0,4,1
3376,5,$1$,3
3377,3,  4  ,1
3378,2,2,2
3379,3,  5  ,5
3380,1,2,0
3381,@1@,3,1
3382,$3$,3,0
3383,3,5,5
3384,*2*,@2@,5
3385,0,4,3
3386,5,3,1
3387,1,5,3
3388,2,  1  ,1
3389,3,3,0
3390,4,3,3
3391,1,1,2
3392,*1*,2,2
3393,4,4,2
3394,0,3,3
3395,2,4,6
3396,0,5,1
3397,2,3,1
3398,2,  4  ,3
3399,3,3,4
3400,3,2,2
3401,*1*,@1@,1
3402,0,3,2
3403,4,$3$,1
3404,1,1,1
3405,4,  5  ,2
3406,999,$6$,3
3407,4,2,4
3408,2,4,1
3409,1,4,0
3410,$0$,3,2
3411,$1$,4,3
3412,0,3,0
3413,@2@,2,2
3414,  3  ,*3*,1
3415,0,0,4
3416,2,2,3
3417,0,*2*,1
3418,3,@1@,1
3419,2,3,1
3420,3,*2*,0
3421,*1*,4,3
3422,0,5,4
3423,2,5,6
3424,2,6,2
3425,0,  2  ,3
3426,  1  ,5,6
3427,2,3,4
3428,*2*,$5$,2
3429,  1  ,3,3
3430,3,5,0
3431,2,1,2
3432,3,5,1
3433,0,2,1
3434,@6@,3,2
3435,999,4,2
3436,3,5,1
3437,1,1,3
3438,0,4,3
3439,4,2,2
3440,1,5,2
3441,1,3,0
3442,3,3,5
3443,2,6,0
3444,0,2,4
3445,$6$,3,3
3446,  4  ,2,3
3447,1,5,2
3448,$2$,5,1
3449,*2*,@1@,4
3450,1,3,0
3451,*5*,5,1
3452,0,@2@,4
3453,2,4,2
3454,  3  ,6,5
3455,1,4,3
3456,1,6,2
3457,3,1,2
3458,0,1,5
3459,  3  ,$3$,0
3460,2,$3$,3
3461,@0@,@2@,1
3462,2,1,1
3463,0,1,4
3464,0,5,1
3465,2,2,1
3466,0,2,3
3467,2,4,2
3468,  2  ,6,3
3469,2,2,2
3470,1,1,1
3471,0,3,5
3472,2,  2  ,2
3473,0,2,1
3474,3,$7$,2
3475,999,7,1
3476,0,$4$,4
3477,3,5,4
3478,1,2,0
3479,1,3,2
3480,3,1,4
3481,1,2,2
3482,1,@1@,2
3483,1,2,0
3484,999,$1$,0
3485,1,4,0
3486,*5*,4,1
3487,2,4,2
3488,1,1,3
3489,3,1,1
3490,3,2,1
3491,*1*,5,3
3492,2,$1$,1
3493,5,$2$,1
3494,1,2,0
3495,3,@1@,2
3496,0,5,2
3497,*2*,2,3
3498,0,1,2
3499,2,4,0
3500,$2$,1,5
3501,2,0,1
3502,5,1,2
3503,  3  ,3,3
3504,2,  6  ,1
3505,2,5,3
3506,1,3,1
3507,  1  ,@1@,2
3508,0,2,3
3509,3,2,0
3510,0,4,2
3511,3,*8*,1
3512,2,5,2
3513,0,5,2
3514,*0*,7,2
3515,0,2,0
3516,1,2,1
3517,1,6,3
3518,$2$,$7$,3
3519,0,3,3
3520,1,*0*,0
3521,999,6,1
3522,2,5,3
3523,2,5,0
3524,$3$,*5*,3
3525,0,4,0
3526,1,1,3
3527,@3@,2,1
3528,999,3,0
3529,1,4,2
3530,5,4,2
3531,3,0,1
3532,1,2,3
3533,5,3,3
3534,3,@3@,4
3535,1,7,1
3536,6,3,3
3537,$3$,*2*,1
3538,3,1,4
3539,@1@,@3@,1
3540,$1$,1,1
3541,0,  3  ,3
3542,*1*,3,1
3543,  999  ,  2  ,1
3544,2,4,3
3545,@1@,$2$,4
3546,0,5,3
3547,0,$3$,0
3548,1,$3$,4
3549,0,4,0
3550,  1  ,*6*,1
3551,3,4,1
3552,2,1,0
3553,4,3,0
3554,$3$,5,2
3555,3,3,1
3556,1,4,1
3557,@3@,2,1
3558,2,4,3
3559,2,@5@,3
3560,1,3,3
3561,2,5,2
3562,4,2,0
3563,3,4,2
3564,3,2,2
3565,3,1,3
3566,1,0,1
3567,3,5,0
3568,  1  ,6,0
3569,1,2,2
3570,1,5,3
3571,3,1,1
3572,1,2,1
3573,6,  1  ,2
3574,  3  ,4,4
3575,1,4,3
3576,2,3,0
3577,2,*1*,2
3578,4,2,4
3579,2,3,1
3580,2,@4@,4
3581,$1$,4,3
3582,*2*,2,2
3583,3,2,4
3584,3,2,3
3585,3,3,3
3586,1,0,1
3587,1,4,1
3588,2,8,3
3589,0,  2  ,1
3590,0,5,3
3591,2,3,0
3592,1,1,1
3593,4,*4*,2
3594,1,0,4
3595,4,*1*,2
3596,1,0,3
3597,3,3,0
3598,3,4,2
3599,2,5,4
3600,3,*2*,0
3601,0,2,0
3602,5,4,0
3603,2,3,1
3604,2,3,4
3605,4,4,5
3606,  3  ,1,0
3607,2,2,2
3608,1,2,2
3609,4,@3@,1
3610,0,3,1
3611,2,7,3
3612,4,3,2
3613,1,3,4
3614,2,3,0
3615,0,6,2
3616,0,6,1
3617,0,6,1
3618,3,4,3
3619,6,2,2
3620,4,3,2
3621,  0  ,5,1
3622,  999  ,1,1
3623,5,2,2
3624,1,*4*,5
3625,4,1,2
3626,2,3,1
3627,$1$,4,2
3628,1,2,0
3629,3,0,1
3630,$2$,2,2
3631,5,1,4
3632,2,2,1
3633,2,1,4
3634,0,5,3
3635,2,3,1
3636,3,6,0
3637,3,5,5
3638,0,*4*,3
3639,@1@,7,1
3640,$2$,2,2
3641,4,3,1
3642,5,4,4
3643,1,3,3
3644,3,$3$,5
3645,1,4,2
3646,1,2,5
3647,1,3,3
3648,2,5,5
3649,2,2,3
3650,3,2,2
3651,3,3,2
3652,0,3,1
3653,2,2,3
3654,999,$3$,5
3655,3,4,3
3656,  3  ,3,3
3657,1,*3*,1
3658,3,  2  ,2
3659,1,1,4
3660,0,5,1
3661,  1  ,0,1
3662,@2@,1,1
3663,0,  3  ,2
3664,1,5,2
3665,2,4,0
3666,  3  ,4,0
3667,0,*5*,1
3668,3,3,2
3669,2,4,1
3670,5,3,2
3671,0,3,1
3672,0,1,1
3673,5,3,4
3674,*1*,$3$,1
3675,2,5,3
3676,1,4,3
3677,2,4,3
3678,2,@8@,4
3679,$4$,@4@,5
3680,2,5,2
3681,1,@6@,1
3682,0,2,0
3683,*0*,5,3
3684,*1*,2,3
3685,1,*2*,3
3686,1,2,3
3687,0,3,3
3688,  4  ,0,1
3689,@1@,5,0
3690,1,2,4
3691,2,1,4
3692,0,@2@,0
3693,0,$4$,1
3694,  3  ,*2*,0
3695,$0$,2,3
3696,*1*,5,3
3697,  0  ,2,3
3698,$0$,3,2
3699,2,@1@,5
3700,3,3,2
3701,3,2,3
3702,1,3,2
3703,1,1,1
3704,@0@,5,2
3705,0,1,1
3706,2,0,1
3707,2,3,4
3708,0,3,2
3709,2,1,2
3710,2,3,5
3711,  2  ,1,4
3712,0,7,0
3713,@3@,$2$,0
3714,1,@2@,1
3715,4,2,3
3716,4,1,1
3717,3,2,4
3718,1,1,2
3719,3,2,3
3720,@1@,4,1
3721,3,2,5
3722,2,3,1
3723,3,4,0
3724,*2*,1,4
3725,$1$,3,5
3726,3,1,2
3727,2,  1  ,6
3728,4,5,1
3729,2,3,2
3730,4,2,4
3731,3,3,0
3732,1,3,1
3733,1,3,1
3734,3,  3  ,1
3735,3,2,1
3736,3,$0$,1
3737,  0  ,4,1
3738,$0$,5,3
3739,2,1,2
3740,2,$3$,7
3741,*3*,3,0
3742,4,2,1
3743,2,  5  ,1
3744,1,4,3
3745,  999  ,1,0
3746,3,3,1
3747,2,2,3
3748,3,0,0
3749,0,3,2
3750,0,$2$,2
3751,2,4,1
3752,1,5,0
3753,0,1,4
3754,0,3,2
3755,2,5,1
3756,  1  ,2,3
3757,3,*2*,2
3758,4,4,1
3759,@1@,2,3
3760,1,5,2
3761,2,*2*,4
3762,4,4,4
3763,1,7,1
3764,1,4,2
3765,2,5,4
3766,1,  0  ,1
3767,2,*4*,1
3768,3,3,2
3769,1,$3$,4
3770,2,2,0
3771,2,3,1
3772,1,3,4
3773,3,8,2
3774,2,3,1
3775,6,3,1
3776,4,3,5
3777,6,3,3
3778,1,4,3
3779,2,3,5
3780,4,$2$,1
3781,1,0,2
3782,$999$,5,2
3783,1,2,1
3784,3,4,6
3785,@3@,2,5
3786,1,4,2
3787,4,*3*,6
3788,1,1,4
3789,4,  3  ,0
3790,3,2,3
3791,$1$,2,2
3792,4,1,2
3793,4,3,0
3794,  2  ,5,5
3795,1,3,0
3796,5,2,5
3797,3,2,3
3798,1,3,5
3799,3,  4  ,2
3800,*2*,4,3
3801,0,5,4
3802,2,4,1
3803,*999*,2,0
3804,0,$4$,3
3805,4,3,0
3806,@4@,4,1
3807,1,2,1
3808,$4$,4,2
3809,@2@,3,1
3810,3,  2  ,3
3811,1,3,4
3812,6,2,4
3813,$0$,  3  ,3
3814,2,1,2
3815,1,  4  ,2
3816,0,7,0
3817,0,5,6
3818,0,2,0
3819,1,9,2
3820,4,4,2
3821,3,$5$,4
3822,1,3,0
3823,1,6,1
3824,1,@4@,2
3825,0,@2@,0
3826,1,  3  ,3
3827,2,4,1
3828,2,@4@,2
3829,1,3,1
3830,2,  3  ,1
3831,2,$3$,3
3832,2,6,2
3833,5,8,2
3834,*3*,2,1
3835,2,*1*,4
3836,3,$3$,2
3837,2,3,1
3838,2,5,4
3839,  3  ,1,2
3840,2,3,0
3841,2,5,1
3842,3,0,1
3843,2,4,3
3844,3,2,1
3845,0,0,2
3846,2,4,2
3847,2,2,1
3848,$4$,3,0
3849,1,2,0
3850,*2*,1,0
3851,2,4,1
3852,2,*1*,1
3853,5,3,1
3854,1,5,3
3855,3,1,1
3856,3,$2$,2
3857,0,0,3
3858,3,6,4
3859,3,1,1
3860,4,*2*,2
3861,2,2,4
3862,3,*5*,0
3863,1,@2@,2
3864,0,4,3
3865,4,2,2
3866,  0  ,$4$,3
3867,1,2,2
3868,4,*1*,1
3869,2,3,1
3870,3,  2  ,0
3871,2,2,5
3872,1,  6  ,2
3873,5,0,2
3874,0,$6$,2
3875,  2  ,1,2
3876,1,4,1
3877,5,$5$,2
3878,2,1,1
3879,0,0,2
3880,2,  4  ,0
3881,1,2,0
3882,1,4,1
3883,1,4,2
3884,1,0,2
3885,2,*1*,4
3886,@5@,3,1
3887,*2*,2,1
3888,1,5,1
3889,3,5,2
3890,999,2,3
3891,@2@,7,3
3892,1,2,3
3893,2,6,3
3894,1,1,2
3895,1,1,0
3896,$2$,  6  ,1
3897,$2$,  1  ,2
3898,6,2,1
3899,  1  ,1,4
3900,*1*,3,2
3901,*4*,3,2
3902,4,1,2
3903,@1@,3,0
3904,3,3,0
3905,3,2,2
3906,2,5,4
3907,2,5,0
3908,5,2,4
3909,@1@,3,3
3910,0,8,1
3911,2,3,1
3912,2,*1*,0
3913,3,3,1
3914,999,4,2
3915,3,4,1
3916,3,1,1
3917,4,1,6
3918,2,2,4
3919,3,4,2
3920,2,1,0
3921,3,2,3
3922,1,1,2
3923,2,5,1
3924,4,5,1
3925,1,2,0
3926,*4*,4,6
3927,2,@1@,1
3928,  2  ,2,2
3929,3,1,2
3930,0,2,1
3931,2,  2  ,3
3932,  1  ,3,2
3933,1,3,2
3934,1,  3  ,2
3935,2,@3@,4
3936,  5  ,@6@,0
3937,2,2,2
3938,3,3,1
3939,999,2,1
3940,1,$2$,1
3941,4,6,0
3942,0,*7*,2
3943,1,2,5
3944,5,2,1
3945,3,1,2
3946,1,4,2
3947,1,*4*,3
3948,1,3,1
3949,3,4,2
3950,4,4,2
3951,3,7,3
3952,0,0,1
3953,2,2,1
3954,@2@,1,3
3955,  999  ,4,2
3956,1,3,2
3957,2,3,0
3958,*2*,2,3
3959,4,0,2
3960,0,2,1
3961,  1  ,5,2
3962,2,2,2
3963,1,5,1
3964,4,4,0
3965,0,3,2
3966,2,$4$,2
3967,2,2,0
3968,2,1,2
3969,1,1,2
3970,2,5,2
3971,0,1,2
3972,1,5,5
3973,4,3,1
3974,$6$,3,3
3975,4,1,2
3976,1,3,2
3977,4,2,1
3978,2,4,1
3979,3,@4@,1
3980,@1@,3,2
3981,0,4,1
3982,3,5,3
3983,999,6,1
3984,2,8,1
3985,2,4,1
3986,$2$,2,2
3987,1,2,6
3988,2,5,1
3989,1,3,0
3990,4,5,1
3991,1,3,0
3992,1,1,1
3993,2,4,4
3994,2,*1*,0
3995,@4@,*1*,3
3996,*1*,  2  ,4
3997,*1*,$2$,6
3998,6,6,1
3999,4,3,1
4000,2,6,1
4001,3,7,2
4002,3,4,5
4003,2,0,2
4004,1,*3*,3
4005,2,*3*,4
4006,$2$,2,3
4007,2,1,2
4008,1,4,3
4009,1,4,2
4010,3,3,0
4011,1,4,0
4012,1,*4*,1
4013,4,0,2
4014,3,5,2
4015,1,2,2
4016,4,4,2
4017,3,2,4
4018,3,4,5
4019,1,*1*,1
4020,@3@,2,4
4021,  1  ,4,2
4022,2,4,2
4023,@5@,1,1
4024,5,6,5
4025,  0  ,3,3
4026,3,1,3
4027,0,2,1
4028,0,$0$,3
4029,2,$4$,3
4030,0,6,1
4031,4,2,4
4032,3,*6*,0
4033,1,2,1
4034,2,0,3
4035,1,0,2
4036,999,2,3
4037,2,*4*,4
4038,*3*,6,1
4039,0,0,0
4040,2,1,2
4041,3,*2*,2
4042,1,3,2
4043,1,3,2
4044,0,2,2
4045,0,3,2
4046,5,1,0
4047,0,1,6
4048,3,4,1
4049,1,@8@,0
4050,2,3,2
4051,$4$,  4  ,2
4052,3,  3  ,3
4053,3,3,5
4054,  2  ,4,1
4055,*2*,5,2
4056,4,4,3
4057,5,3,0
4058,$2$,4,3
4059,2,2,2
4060,  1  ,2,1
4061,3,$0$,3
4062,3,3,1
4063,2,6,2
4064,1,2,3
4065,0,6,2
4066,999,2,2
4067,0,3,4
4068,4,4,1
4069,2,3,0
4070,@0@,  0  ,2
4071,3,$2$,0
4072,  2  ,3,5
4073,3,3,4
4074,2,1,2
4075,2,0,2
4076,$3$,3,3
4077,1,0,1
4078,$1$,  3  ,2
4079,2,2,5
4080,3,5,0
4081,@3@,1,2
4082,0,0,0
4083,0,3,0
4084,4,$0$,5
4085,2,2,2
4086,0,3,1
4087,2,*2*,1
4088,@2@,4,2
4089,0,5,3
4090,  2  ,2,1
4091,1,0,2
4092,5,1,2
4093,0,2,1
4094,3,  0  ,3
4095,2,7,1
4096,2,@4@,4
4097,@1@,3,0
4098,  1  ,  5  ,2
4099,3,3,5
4100,2,$6$,2
4101,1,0,1
4102,1,2,2
4103,0,1,1
4104,999,1,3
4105,2,4,0
4106,0,2,5
4107,4,2,3
4108,0,3,2
4109,2,2,1
4110,3,1,3
4111,3,$3$,0
4112,@1@,4,2
4113,*3*,1,2
4114,0,1,2
4115,5,4,1
4116,3,3,2
4117,3,*1*,1
4118,1,1,2
4119,999,4,2
4120,@0@,*6*,2
4121,2,2,0
4122,2,1,0
4123,3,$2$,4
4124,@1@,4,0
4125,2,4,3
4126,$2$,1,2
4127,0,  3  ,3
4128,1,@3@,0
4129,999,2,2
4130,2,1,2
4131,1,3,2
4132,*0*,3,0
4133,*3*,4,2
4134,5,9,0
4135,2,5,2
4136,2,*0*,1
4137,2,4,3
4138,2,4,4
4139,1,5,0
4140,$0$,2,2
4141,1,*1*,2
4142,0,4,3
4143,3,1,1
4144,*5*,*2*,2
4145,3,3,3
4146,3,3,1
4147,0,3,0
4148,5,  5  ,0
4149,2,4,0
4150,*1*,2,3
4151,1,1,1
4152,1,1,4
4153,5,@1@,3
4154,3,@4@,3
4155,2,7,3
4156,5,1,1
4157,$2$,2,1
4158,1,@4@,3
4159,  5  ,5,1
4160,  3  ,@2@,4
4161,  0  ,2,3
4162,3,$3$,0
4163,4,6,5
4164,0,1,2
4165,  2  ,5,1
4166,*5*,1,0
4167,*2*,@5@,1
4168,  3  ,2,2
4169,*4*,$2$,3
4170,$0$,0,1
4171,2,1,3
4172,2,3,3
4173,5,4,2
4174,1,4,3
4175,@2@,1,0
4176,1,3,4
4177,3,2,0
4178,2,$3$,2
4179,2,@5@,3
4180,  2  ,5,4
4181,2,4,1
4182,4,3,1
4183,  1  ,8,4
4184,*0*,5,3
4185,3,3,1
4186,4,2,5
4187,2,4,3
4188,2,6,2
4189,3,  1  ,0
4190,1,3,1
4191,3,*6*,4
4192,0,5,3
4193,2,$3$,1
4194,0,3,1
4195,1,@3@,2
4196,2,$5$,1
4197,2,3,2
4198,1,2,3
4199,4,2,1
4200,1,4,1
4201,0,2,0
4202,@999@,2,3
4203,2,*3*,2
4204,1,*2*,2
4205,1,$5$,2
4206,@4@,1,4
4207,3,*3*,2
4208,1,1,1
4209,4,$1$,0
4210,3,2,2
4211,3,2,1
4212,1,4,4
4213,0,4,4
4214,4,7,1
4215,999,@2@,6
4216,1,2,1
4217,3,5,1
4218,1,1,0
4219,1,6,3
4220,  3  ,1,3
4221,3,4,1
4222,2,2,2
4223,2,2,1
4224,2,0,3
4225,5,1,0
4226,2,2,4
4227,2,4,1
4228,1,7,1
4229,2,3,4
4230,0,5,0
4231,3,1,2
4232,1,1,1
4233,3,1,1
4234,2,*2*,0
4235,0,1,2
4236,0,1,2
4237,3,2,5
4238,3,1,2
4239,3,$3$,2
4240,2,4,0
4241,3,3,3
4242,3,2,1
4243,4,4,1
4244,1,2,2
4245,1,$3$,3
4246,5,5,1
4247,0,  2  ,1
4248,2,4,1
4249,5,2,1
4250,5,$1$,1
4251,2,$1$,2
4252,0,1,2
4253,1,2,3
4254,0,3,3
4255,3,1,1
4256,  2  ,2,2
4257,0,5,2
4258,0,3,2
4259,*0*,2,1
4260,  1  ,4,5
4261,4,2,3
4262,*2*,2,2
4263,$0$,0,2
4264,1,5,1
4265,2,3,1
4266,5,2,2
4267,$0$,4,3
4268,1,1,4
4269,1,4,3
4270,1,3,1
4271,0,1,3
4272,2,1,0
4273,$2$,0,2
4274,1,@3@,2
4275,$3$,2,0
4276,$1$,2,1
4277,  4  ,@2@,3
4278,4,5,4
4279,0,*1*,1
4280,1,4,2
4281,$3$,*3*,2
4282,3,3,2
4283,2,2,3
4284,2,  4  ,1
4285,3,2,0
4286,  0  ,5,2
4287,4,3,1
4288,2,3,4
4289,4,0,1
4290,4,$2$,1
4291,3,2,3
4292,2,0,3
4293,0,2,2
4294,$2$,  3  ,1
4295,3,*3*,3
4296,  2  ,4,2
4297,$3$,5,0
4298,*2*,6,0
4299,1,4,2
4300,3,@5@,0
4301,3,$4$,3
4302,2,2,3
4303,2,*2*,0
4304,2,2,2
4305,2,*4*,1
4306,0,2,6
4307,2,*4*,1
4308,2,  2  ,2
4309,  4  ,3,4
4310,@3@,*4*,1
4311,@2@,3,1
4312,  1  ,2,2
4313,2,1,2
4314,1,3,3
4315,3,  4  ,4
4316,0,3,5
4317,  1  ,4,0
4318,10,4,1
4319,999,1,2
4320,3,2,2
4321,1,7,1
4322,1,1,1
4323,3,3,0
4324,3,*2*,4
4325,1,6,2
4326,$4$,2,2
4327,3,$0$,1
4328,0,@2@,2
4329,3,*1*,2
4330,4,6,1
4331,1,7,2
4332,2,$2$,2
4333,0,5,4
4334,1,7,3
4335,1,*3*,2
4336,2,3,1
4337,4,2,3
4338,1,4,0
4339,4,@4@,7
4340,@1@,2,2
4341,5,$1$,1
4342,1,1,4
4343,3,$3$,0
4344,1,5,5
4345,4,1,0
4346,2,@3@,2
4347,  2  ,5,1
4348,2,2,2
4349,$1$,1,2
4350,1,4,2
4351,0,3,1
4352,4,5,4
4353,2,9,2
4354,3,3,2
4355,2,*4*,2
4356,*3*,3,1
4357,  5  ,3,1
4358,  3  ,*1*,2
4359,4,8,0
4360,3,4,1
4361,  1  ,@4@,1
4362,3,1,1
4363,$2$,  1  ,2
4364,*2*,2,2
4365,0,3,4
4366,3,2,0
4367,2,7,1
4368,@6@,4,1
4369,3,3,2
4370,2,8,2
4371,2,5,2
4372,3,4,3
4373,1,$4$,3
4374,2,3,3
4375,5,2,4
4376,1,2,3
4377,1,@2@,1
4378,5,4,2
4379,4,6,1
4380,2,  4  ,3
4381,3,$5$,3
4382,*1*,1,2
4383,*4*,3,1
4384,3,5,3
4385,3,3,0
4386,1,1,1
4387,2,$6$,1
4388,*2*,@4@,2
4389,3,4,4
4390,0,3,2
4391,1,3,3
4392,0,3,2
4393,1,2,1
4394,4,5,1
4395,1,4,1
4396,3,3,1
4397,2,3,4
4398,3,3,4
4399,2,2,1
4400,2,4,3
4401,2,2,2
4402,3,1,2
4403,0,  4  ,2
4404,2,1,0
4405,*3*,4,2
4406,4,2,4
4407,1,2,3
4408,1,1,2
4409,3,$2$,3
4410,2,3,7
4411,3,$3$,4
4412,  3  ,2,2
4413,0,  4  ,2
4414,2,3,3
4415,@1@,6,1
4416,4,3,0
4417,$1$,  1  ,1
4418,2,4,1
4419,  999  ,4,2
4420,4,1,5
4421,2,1,1
4422,3,*3*,1
4423,$2$,3,0
4424,$4$,4,0
4425,0,3,7
4426,$999$,*1*,1
4427,5,7,2
4428,1,@5@,0
4429,@2@,1,1
4430,1,3,5
4431,1,7,1
4432,*2*,*2*,0
4433,4,1,4
4434,2,1,2
4435,1,1,5
4436,5,3,1
4437,3,2,1
4438,2,2,2
4439,3,4,1
4440,*1*,2,0
4441,6,2,2
4442,0,@0@,2
4443,*2*,6,3
4444,3,*3*,2
4445,4,2,0
4446,2,2,0
4447,1,@1@,0
4448,2,*2*,0
4449,@5@,6,1
4450,  3  ,@1@,1
4451,0,2,1
4452,@4@,3,4
4453,2,2,2
4454,1,4,6
4455,2,6,2
4456,  2  ,4,0
4457,2,2,1
4458,1,  3  ,0
4459,5,*4*,3
4460,@2@,6,3
4461,1,5,3
4462,3,1,3
4463,  4  ,3,1
4464,3,$6$,3
4465,1,@1@,3
4466,5,4,3
4467,2,6,1
4468,0,5,3
4469,$1$,3,2
4470,1,2,4
4471,  3  ,7,2
4472,@2@,4,4
4473,4,4,6
4474,  2  ,2,1
4475,2,3,3
4476,3,3,2
4477,2,5,3
4478,2,5,2
4479,1,2,0
4480,0,2,0
4481,@1@,  3  ,2
4482,2,1,2
4483,1,3,2
4484,  1  ,  7  ,1
4485,1,1,0
4486,0,2,1
4487,2,2,1
4488,*4*,3,3
4489,@999@,7,5
4490,0,4,2
4491,2,2,1
4492,  2  ,*2*,1
4493,1,4,2
4494,2,$4$,1
4495,2,1,3
4496,3,*1*,2
4497,2,8,3
4498,3,4,1
4499,2,3,1
4500,2,2,0
4501,2,$3$,5
4502,2,0,3
4503,2,*3*,2
4504,@0@,3,1
4505,1,3,3
4506,$1$,3,0
4507,4,4,1
4508,999,2,1
4509,2,3,2
4510,1,  3  ,1
4511,1,@2@,7
4512,@1@,2,2
4513,3,  2  ,1
4514,3,0,3
4515,$1$,2,3
4516,1,3,2
4517,1,5,1
4518,  4  ,4,2
4519,2,1,3
4520,*5*,2,3
4521,1,  5  ,2
4522,1,0,1
4523,2,@2@,5
4524,4,2,1
4525,1,4,2
4526,2,3,1
4527,1,@1@,2
4528,@1@,6,2
4529,1,4,2
4530,3,@6@,0
4531,2,2,4
4532,3,4,3
4533,*0*,5,5
4534,3,2,2
4535,3,3,5
4536,3,5,1
4537,3,3,3
4538,2,4,3
4539,1,5,5
4540,1,6,2
4541,1,6,4
4542,@3@,3,0
4543,2,3,1
4544,4,1,1
4545,2,2,1
4546,2,  3  ,5
4547,2,0,1
4548,5,3,3
4549,1,2,5
4550,2,6,1
4551,1,@1@,4
4552,4,3,1
4553,3,*4*,3
4554,2,0,4
4555,1,1,0
4556,0,*1*,1
4557,1,2,3
4558,1,3,4
4559,1,4,2
4560,2,*3*,3
4561,999,3,4
4562,2,*3*,0
4563,4,3,2
4564,0,1,1
4565,1,$4$,2
4566,$2$,3,0
4567,3,0,2
4568,$0$,6,2
4569,5,3,2
4570,0,5,2
4571,1,4,4
4572,3,0,5
4573,$0$,2,2
4574,1,$4$,3
4575,  1  ,7,2
4576,2,2,0
4577,$5$,1,2
4578,1,2,0
4579,3,  2  ,4
4580,4,1,2
4581,0,1,3
4582,4,  2  ,0
4583,2,3,2
4584,@4@,@2@,0
4585,4,2,1
4586,1,4,2
4587,3,0,4
4588,$3$,5,0
4589,$1$,1,3
4590,5,3,3
4591,1,2,1
4592,3,3,4
4593,3,2,1
4594,2,  1  ,0
4595,1,3,4
4596,1,3,3
4597,999,@3@,0
4598,4,@3@,3
4599,5,2,2
4600,1,0,3
4601,0,1,2
4602,  0  ,1,3
4603,2,1,2
4604,2,3,4
4605,2,2,1
4606,1,3,4
4607,1,  7  ,2
4608,3,2,2
4609,999,$4$,2
4610,0,5,1
4611,2,4,7
4612,2,@4@,1
4613,1,3,2
4614,2,3,1
4615,1,$4$,2
4616,4,1,2
4617,2,  1  ,2
4618,4,2,4
4619,3,1,3
4620,$3$,1,0
4621,@0@,3,0
4622,2,3,3
4623,3,*9*,1
4624,  3  ,2,0
4625,3,  3  ,0
4626,2,5,1
4627,*3*,$3$,1
4628,1,3,3
4629,2,2,0
4630,0,0,1
4631,1,@2@,1
4632,1,4,1
4633,@4@,3,1
4634,@4@,1,2
4635,2,4,2
4636,3,$5$,2
4637,3,1,2
4638,@3@,8,1
4639,3,4,1
4640,1,3,1
4641,1,2,4
4642,*5*,3,1
4643,2,4,1
4644,1,4,3
4645,0,1,2
4646,2,2,2
4647,2,  7  ,3
4648,1,2,5
4649,@2@,0,2
4650,3,$2$,1
4651,@2@,4,1
4652,4,3,0
4653,1,@4@,2
4654,0,3,5
4655,2,7,1
4656,1,4,3
4657,2,1,0
4658,  1  ,2,0
4659,1,1,3
4660,1,3,2
4661,4,5,1
4662,6,3,0
4663,3,3,1
4664,2,5,2
4665,4,3,2
4666,1,1,1
4667,2,3,3
4668,5,7,0
4669,*2*,$3$,5
4670,3,1,0
4671,$0$,2,2
4672,0,4,0
4673,*1*,@3@,4
4674,3,3,2
4675,$3$,5,4
4676,4,6,2
4677,2,1,3
4678,@2@,3,0
4679,1,3,1
4680,3,2,3
4681,1,10,1
4682,1,4,3
4683,0,6,2
4684,0,5,1
4685,2,2,3
4686,$3$,1,0
4687,0,3,5
4688,2,2,2
4689,4,1,0
4690,3,5,2
4691,2,2,1
4692,8,3,4
4693,2,3,4
4694,$2$,0,5
4695,999,3,0
4696,3,2,1
4697,1,4,2
4698,2,5,2
4699,1,  4  ,2
4700,6,3,0
4701,2,  0  ,4
4702,$1$,1,1
4703,  3  ,5,0
4704,0,4,2
4705,5,5,1
4706,$0$,2,4
4707,$3$,*4*,5
4708,0,3,1
4709,0,@1@,0
4710,2,4,2
4711,1,4,3
4712,2,4,1
4713,1,5,4
4714,2,3,0
4715,1,4,0
4716,@2@,3,3
4717,0,2,3
4718,1,2,4
4719,*6*,5,1
4720,3,  4  ,3
4721,2,4,1
4722,1,4,4
4723,1,5,6
4724,3,1,1
4725,3,@2@,2
4726,3,3,3
4727,3,2,2
4728,1,0,2
4729,3,5,3
4730,*2*,2,1
4731,999,0,3
4732,0,4,2
4733,2,2,1
4734,2,2,1
4735,1,*5*,2
4736,1,3,2
4737,2,3,1
4738,2,3,2
4739,@1@,1,0
4740,5,1,1
4741,$2$,3,5
4742,5,2,2
4743,1,$4$,2
4744,4,1,3
4745,4,*4*,1
4746,0,4,2
4747,2,3,1
4748,4,5,3
4749,0,1,0
4750,$3$,*1*,2
4751,1,2,0
4752,3,3,0
4753,3,4,1
4754,  0  ,$6$,2
4755,1,1,3
4756,1,2,3
4757,2,4,2
4758,1,3,3
4759,3,3,3
4760,999,3,4
4761,5,4,1
4762,2,4,0
4763,*4*,$1$,1
4764,@2@,5,1
4765,1,3,0
4766,2,$0$,2
4767,7,4,1
4768,  4  ,7,4
4769,2,*0*,3
4770,2,4,3
4771,$3$,5,1
4772,0,  2  ,1
4773,1,2,4
4774,  1  ,  3  ,2
4775,3,3,1
4776,2,1,1
4777,$2$,  2  ,3
4778,1,  5  ,3
4779,3,3,1
4780,3,0,1
4781,  3  ,1,1
4782,2,5,0
4783,2,1,1
4784,5,2,2
4785,2,4,2
4786,3,5,1
4787,1,3,1
4788,8,3,1
4789,1,4,3
4790,$2$,*5*,3
4791,2,6,0
4792,2,5,5
4793,0,1,2
4794,  0  ,3,2
4795,2,  4  ,1
4796,3,2,1
4797,1,2,1
4798,$2$,2,5
4799,0,1,1
4800,@1@,2,2
4801,4,2,3
4802,2,4,4
4803,2,1,4
4804,1,3,0
4805,  4  ,3,1
4806,3,@2@,1
4807,2,@1@,0
4808,  1  ,1,3
4809,1,2,3
4810,1,3,0
4811,2,3,1
4812,0,1,3
4813,4,2,1
4814,2,2,3
4815,3,3,1
4816,4,3,2
4817,*0*,6,4
4818,  2  ,7,1
4819,3,$4$,3
4820,1,@1@,1
4821,2,1,2
4822,@3@,3,2
4823,4,2,1
4824,1,$3$,1
4825,6,2,2
4826,@3@,4,2
4827,2,3,0
4828,*1*,4,1
4829,5,*3*,0
4830,1,5,1
4831,2,3,0
4832,2,  4  ,1
4833,1,  1  ,1
4834,0,0,0
4835,$2$,6,5
4836,@4@,3,3
4837,$3$,1,1
4838,1,4,1
4839,1,1,1
4840,3,5,5
4841,4,9,3
4842,2,1,3
4843,3,2,1
4844,$4$,3,3
4845,3,3,2
4846,*1*,*3*,0
4847,*2*,6,1
4848,2,1,2
4849,2,4,0
4850,2,2,2
4851,2,  6  ,0
4852,2,3,1
4853,2,3,0
4854,4,4,1
4855,  1  ,1,0
4856,7,@2@,1
4857,$3$,2,0
4858,3,4,2
4859,3,4,3
4860,5,3,1
4861,3,4,4
4862,0,*1*,4
4863,@4@,2,3
4864,*0*,3,0
4865,2,$2$,0
4866,$1$,2,1
4867,3,3,2
4868,2,5,4
4869,0,@6@,1
4870,@0@,3,2
4871,0,5,1
4872,2,3,2
4873,2,*6*,1
4874,3,8,0
4875,4,2,3
4876,$2$,4,1
4877,$2$,  3  ,2
4878,1,1,3
4879,@2@,2,4
4880,2,1,1
4881,3,5,3
4882,1,2,1
4883,3,3,2
4884,6,3,1
4885,999,3,6
4886,3,0,4
4887,1,2,1
4888,@3@,*2*,3
4889,3,3,3
4890,*2*,2,1
4891,2,2,0
4892,3,$1$,1
4893,6,  4  ,2
4894,3,5,0
4895,2,5,1
4896,0,3,3
4897,4,*5*,1
4898,2,*2*,1
4899,0,3,3
4900,1,2,0
4901,3,  4  ,3
4902,2,*3*,3
4903,1,3,1
4904,$0$,4,2
4905,@2@,4,2
4906,1,1,1
4907,$1$,@4@,0
4908,6,2,4
4909,1,@4@,3
4910,2,0,3
4911,1,$2$,1
4912,*5*,3,3
4913,1,3,0
4914,2,4,2
4915,999,2,2
4916,1,1,3
4917,2,0,6
4918,1,1,3
4919,2,3,1
4920,@3@,3,2
4921,3,5,3
4922,3,2,0
4923,0,2,4
4924,1,4,0
4925,6,@2@,4
4926,2,1,1
4927,1,  3  ,1
4928,2,1,1
4929,3,*1*,2
4930,5,3,0
4931,3,3,3
4932,1,1,1
4933,2,3,1
4934,@0@,4,3
4935,$4$,4,1
4936,@5@,1,2
4937,2,2,2
4938,*2*,3,4
4939,0,3,2
4940,999,1,1
4941,2,3,0
4942,2,*2*,3
4943,1,2,5
4944,2,2,1
4945,3,4,3
4946,3,0,3
4947,2,5,2
4948,0,6,3
4949,5,4,2
4950,0,6,4
4951,*2*,3,4
4952,1,0,4
4953,1,2,1
4954,5,6,2
4955,4,2,2
4956,3,3,0
4957,  2  ,$2$,0
4958,0,2,1
4959,3,3,4
4960,0,4,1
4961,4,1,1
4962,1,3,1
4963,1,2,5
4964,1,2,3
4965,3,6,0
4966,1,2,2
4967,3,0,2
4968,0,4,3
4969,4,1,5
4970,2,5,1
4971,0,4,0
4972,5,3,3
4973,@2@,3,3
4974,$0$,3,2
4975,0,5,2
4976,1,2,2
4977,0,1,2
4978,2,3,2
4979,0,*3*,2
4980,0,4,2
4981,2,3,1
4982,2,3,0
4983,4,2,2
4984,0,2,4
4985,999,4,0
4986,*0*,3,3
4987,1,*3*,0
4988,4,4,0
4989,4,4,1
4990,3,3,2
4991,0,8,5
4992,3,2,4
4993,3,2,2
4994,2,@2@,4
4995,2,4,5
4996,3,$1$,2
4997,1,2,1
4998,1,2,2
4999,4,4,1
5000,*1*,2,1
