user_id,ip_mismatch_flag,rapid_activity_flag,incomplete_profile_flag,bot_score
1,0,0,0,0.34
2,0,0,0,0.68
3,0,0,0,0.3
4,0,0,0,0.81
5,0,0,0,0.11
6,0,0,0,0.24
7,0,0,0,0.89
8,0,0,0,0.13
9,0,1,0,0.62
10,1,1,1,0.76
11,0,1,1,0.56
12,0,0,0,0.44
13,0,0,1,0.48
14,0,1,0,0.75
15,0,0,1,0.36
16,0,0,1,0.87
17,0,0,0,0.98
18,0,0,0,0.92
19,0,0,0,0.65
20,0,0,0,0.59
21,0,0,0,0.8
22,0,0,0,0.67
23,0,1,0,0.85
24,0,0,0,0.5
25,0,0,0,0.61
26,0,0,0,0.23
27,0,0,0,0.7
28,1,0,0,0.37
29,0,0,0,0.72
30,0,0,0,0.81
31,0,0,0,0.46
32,0,0,0,0.99
33,0,0,0,0.34
34,0,0,0,0.93
35,0,0,0,0.13
36,0,1,1,0.01
37,0,0,0,0.5
38,0,0,0,0.52
39,0,0,0,0.1
40,0,1,0,0.47
41,0,0,0,0.85
42,0,1,1,0.86
43,0,0,0,0.1
44,0,1,1,0.28
45,0,0,0,0.43
46,0,0,1,0.36
47,0,0,1,0.87
48,0,1,0,0.9
49,0,0,1,0.24
50,1,0,0,0.11
51,0,1,0,0.84
52,0,0,0,0.09
53,0,0,1,0.71
54,0,1,0,0.5
55,0,0,1,0.62
56,0,0,0,0.57
57,0,0,1,0.41
58,0,0,0,0.5
59,0,0,0,0.2
60,0,1,1,0.37
61,0,0,1,0.04
62,0,0,0,0.64
63,0,0,0,0.21
64,0,0,1,0.53
65,0,0,1,0.4
66,0,0,0,0.07
67,0,0,0,0.57
68,0,0,0,0.67
69,0,1,0,0.08
70,0,0,0,0.29
71,0,0,0,0.31
72,0,0,1,0.5
73,0,1,1,0.26
74,0,1,1,0.73
75,0,0,1,0.24
76,0,1,0,0.52
77,0,1,0,0.5
78,0,0,1,0.48
79,0,0,0,0.56
80,0,0,0,0.93
81,0,0,0,0.56
82,1,0,0,1.0
83,0,0,0,0.26
84,0,1,0,0.75
85,1,0,0,0.94
86,0,0,1,0.07
87,0,0,1,0.9
88,0,0,0,0.66
89,0,0,0,0.71
90,0,0,0,0.02
91,0,0,0,0.01
92,0,0,0,0.07
93,0,0,1,0.41
94,0,0,1,0.18
95,0,0,0,0.45
96,1,1,0,0.44
97,0,0,1,0.69
98,0,0,1,0.84
99,0,1,0,0.14
100,0,0,1,0.76
101,1,0,0,0.52
102,0,0,0,0.75
103,0,1,0,0.99
104,0,0,1,0.34
105,0,1,0,0.3
106,0,0,0,0.27
107,0,0,1,0.16
108,0,1,1,0.41
109,0,0,0,0.14
110,0,1,0,0.38
111,1,0,0,0.75
112,0,1,1,0.16
113,0,1,0,0.04
114,0,0,1,0.5
115,0,1,0,0.52
116,1,0,1,0.17
117,0,0,1,0.49
118,0,0,0,0.68
119,0,1,1,0.59
120,0,0,1,0.08
121,0,0,1,0.5
122,1,0,0,0.32
123,0,0,0,0.06
124,0,0,0,0.13
125,0,0,0,0.15
126,0,0,1,0.54
127,0,0,0,0.76
128,0,0,0,0.96
129,0,1,0,0.99
130,0,0,1,0.82
131,0,0,0,0.41
132,0,0,0,0.74
133,0,0,0,0.77
134,0,0,1,0.41
135,0,0,1,0.8
136,0,0,0,0.57
137,1,0,0,0.25
138,0,0,1,0.22
139,0,0,0,0.93
140,0,0,0,0.89
141,1,0,1,0.51
142,0,1,0,0.74
143,0,0,0,0.71
144,0,0,1,0.04
145,0,0,0,0.7
146,0,0,1,0.65
147,0,0,1,0.46
148,0,0,0,0.82
149,1,0,1,0.99
150,0,0,0,0.36
151,0,1,0,0.42
152,1,0,0,0.43
153,0,0,0,0.52
154,0,0,0,0.35
155,1,0,0,0.02
156,0,0,0,0.66
157,0,0,0,0.69
158,0,0,0,0.19
159,0,0,0,0.38
160,1,1,0,0.6
161,0,0,1,0.41
162,0,1,1,0.51
163,1,1,0,0.62
164,0,0,0,0.01
165,0,0,0,0.37
166,0,0,0,0.5
167,0,0,0,0.48
168,0,0,0,0.79
169,0,1,1,0.34
170,0,0,0,0.88
171,0,0,1,0.03
172,0,0,0,0.4
173,0,1,0,0.29
174,1,0,0,0.19
175,0,0,0,0.13
176,0,0,0,0.06
177,0,1,0,0.68
178,0,0,0,0.38
179,1,0,1,0.39
180,0,0,1,0.47
181,0,1,0,0.81
182,0,0,0,0.59
183,0,0,0,0.13
184,1,0,0,0.29
185,1,0,0,0.57
186,1,0,0,0.6
187,0,0,0,0.56
188,0,1,0,0.51
189,0,1,0,0.93
190,0,0,0,0.95
191,1,1,1,0.11
192,0,0,1,0.49
193,0,0,1,0.95
194,0,1,0,0.02
195,1,0,0,0.05
196,0,0,0,0.96
197,1,0,0,0.86
198,0,0,0,0.82
199,0,0,0,0.31
200,0,0,0,0.08
201,0,0,0,0.52
202,0,0,1,0.27
203,0,0,0,0.09
204,0,0,0,0.25
205,0,0,1,0.92
206,0,1,0,0.39
207,1,0,0,0.01
208,0,0,0,0.96
209,0,0,1,0.34
210,0,0,0,0.97
211,0,0,0,0.28
212,0,0,0,0.58
213,0,0,0,0.2
214,0,0,0,0.31
215,0,0,0,0.15
216,0,1,0,0.75
217,0,0,1,0.96
218,0,1,0,0.41
219,0,1,0,0.94
220,0,0,0,0.6
221,0,0,1,0.84
222,0,0,0,0.49
223,0,0,1,0.4
224,1,1,0,0.79
225,0,1,0,0.13
226,0,0,0,0.28
227,0,0,0,0.62
228,0,0,1,0.02
229,0,0,1,0.82
230,0,0,0,0.19
231,0,1,0,0.65
232,1,0,1,0.91
233,0,0,1,0.92
234,0,0,1,0.95
235,0,0,0,0.11
236,0,0,0,0.58
237,0,0,0,0.74
238,0,0,1,0.55
239,0,0,0,0.25
240,0,0,0,0.69
241,0,0,1,0.32
242,1,1,0,0.97
243,1,1,0,0.93
244,0,1,0,0.93
245,0,0,1,0.42
246,0,0,1,0.87
247,0,1,0,0.11
248,0,0,0,0.73
249,0,0,0,0.99
250,0,0,0,0.96
251,0,0,0,0.97
252,1,1,1,0.03
253,1,0,0,0.28
254,0,1,0,0.22
255,0,0,0,0.93
256,0,0,0,0.13
257,0,0,0,0.03
258,0,0,0,0.21
259,1,0,0,0.73
260,1,0,0,0.39
261,0,0,0,0.27
262,0,0,0,0.29
263,0,0,0,0.82
264,1,0,0,0.69
265,0,1,0,0.73
266,0,0,0,0.65
267,0,1,0,0.62
268,0,0,0,0.58
269,0,1,0,0.24
270,0,1,0,0.92
271,1,0,1,0.58
272,0,0,0,0.06
273,0,1,0,0.07
274,1,0,1,0.71
275,0,0,0,0.5
276,0,0,0,0.68
277,1,0,0,0.86
278,0,1,0,0.54
279,1,1,0,0.13
280,1,1,0,0.03
281,0,0,1,0.44
282,0,0,0,0.75
283,0,1,1,0.08
284,0,0,0,0.32
285,0,0,0,0.95
286,0,0,1,0.78
287,0,0,1,0.09
288,0,0,0,0.74
289,0,0,0,0.85
290,0,1,0,0.07
291,0,0,0,0.6
292,1,0,0,0.83
293,0,0,1,0.2
294,0,0,0,0.68
295,0,0,0,0.97
296,1,1,0,0.3
297,0,0,1,0.02
298,0,0,0,0.66
299,0,0,1,0.36
300,1,0,0,0.96
301,0,0,0,0.31
302,0,0,0,0.31
303,0,0,0,0.69
304,0,0,1,0.39
305,0,0,0,0.93
306,0,1,1,0.0
307,1,0,0,0.77
308,0,1,0,0.39
309,0,0,0,0.08
310,0,1,0,0.3
311,0,0,0,0.34
312,0,0,0,0.93
313,0,0,0,0.59
314,0,1,0,0.66
315,0,0,1,0.49
316,0,1,0,0.02
317,0,1,0,0.23
318,1,0,0,0.95
319,0,1,1,0.97
320,0,1,0,0.48
321,0,0,0,0.9
322,0,1,1,0.28
323,0,0,0,0.39
324,0,0,0,0.36
325,0,0,0,0.16
326,0,0,0,0.62
327,0,0,0,0.47
328,1,0,0,0.22
329,0,1,0,0.75
330,0,1,0,0.01
331,0,1,1,0.57
332,0,0,1,0.49
333,0,0,0,0.68
334,0,0,0,0.11
335,0,0,1,0.29
336,0,1,0,0.21
337,0,1,0,0.4
338,0,1,0,0.34
339,0,1,0,0.53
340,0,0,1,0.8
341,0,0,1,0.58
342,0,0,0,0.25
343,0,1,1,0.11
344,0,1,0,0.33
345,0,0,0,0.4
346,0,0,0,0.85
347,0,0,1,0.65
348,1,0,0,0.7
349,0,0,0,0.42
350,0,1,1,0.06
351,0,1,0,0.8
352,0,0,0,0.98
353,0,1,0,0.72
354,0,0,1,0.16
355,0,0,0,0.06
356,0,0,1,0.58
357,0,0,0,0.43
358,0,0,0,0.28
359,0,0,1,0.42
360,0,0,1,0.93
361,0,0,0,0.12
362,0,0,1,0.42
363,0,0,0,0.72
364,0,0,0,0.36
365,0,0,1,0.13
366,0,0,0,0.27
367,1,0,0,0.7
368,0,0,0,0.27
369,0,0,0,0.96
370,0,1,1,0.28
371,0,1,0,0.29
372,0,1,0,0.18
373,1,0,0,0.7
374,0,0,1,0.93
375,0,0,1,0.49
376,0,0,1,0.67
377,0,0,0,0.1
378,0,0,0,0.26
379,0,0,0,0.22
380,0,1,1,0.04
381,1,0,0,0.55
382,0,0,1,0.31
383,0,0,0,0.83
384,0,0,1,0.91
385,0,0,1,0.41
386,0,1,0,0.56
387,1,0,0,0.13
388,1,0,0,0.31
389,0,0,0,0.19
390,0,0,1,0.4
391,0,0,0,0.89
392,0,0,1,0.5
393,0,1,0,0.31
394,0,0,0,0.88
395,0,0,0,0.05
396,0,0,1,0.42
397,0,0,1,0.79
398,0,0,1,0.32
399,0,0,1,0.48
400,1,1,0,0.43
401,0,1,0,0.02
402,0,0,0,0.57
403,1,0,0,0.14
404,0,0,0,0.52
405,0,0,0,0.21
406,1,0,0,0.21
407,0,0,0,0.48
408,0,1,0,0.79
409,0,0,1,0.18
410,0,0,0,0.95
411,0,1,1,0.47
412,0,0,0,0.12
413,0,1,1,0.65
414,0,0,0,0.52
415,0,0,0,0.47
416,0,0,1,0.74
417,1,0,0,0.76
418,0,0,1,0.19
419,0,0,1,0.02
420,0,0,1,0.63
421,0,0,0,0.74
422,0,0,0,0.91
423,0,0,0,0.47
424,0,0,1,0.55
425,0,0,0,0.52
426,1,0,1,0.59
427,0,1,0,0.87
428,1,1,0,0.85
429,0,0,1,0.49
430,0,0,0,0.67
431,0,0,0,0.04
432,0,0,0,0.77
433,0,1,0,0.24
434,0,0,1,1.0
435,0,0,0,0.77
436,0,1,0,0.32
437,1,1,1,0.4
438,0,0,0,0.55
439,1,0,0,0.61
440,0,0,0,0.89
441,0,0,0,0.04
442,0,0,0,0.21
443,0,1,1,0.94
444,0,0,0,0.11
445,0,0,0,0.03
446,1,0,0,0.38
447,0,0,0,0.39
448,0,0,1,0.34
449,1,0,1,0.7
450,0,0,0,0.3
451,0,0,0,0.39
452,0,1,0,0.26
453,0,0,0,0.98
454,0,0,0,0.25
455,1,0,1,0.6
456,0,0,0,0.38
457,1,0,0,0.54
458,0,0,0,0.19
459,0,0,0,0.97
460,0,0,0,0.76
461,1,0,0,0.94
462,1,1,1,0.08
463,1,1,0,0.77
464,0,0,0,0.89
465,0,0,0,0.28
466,0,0,0,0.9
467,1,0,0,0.42
468,0,0,0,0.32
469,0,0,0,0.05
470,0,0,0,0.09
471,0,1,0,0.68
472,0,1,0,0.1
473,1,0,1,0.44
474,0,1,0,0.17
475,0,0,0,0.62
476,0,0,0,0.96
477,1,0,1,0.85
478,1,0,0,0.05
479,0,0,1,0.14
480,0,0,0,0.38
481,0,0,0,0.0
482,0,0,0,0.08
483,0,0,0,0.19
484,0,0,0,0.74
485,1,0,0,0.63
486,0,0,0,0.35
487,0,0,1,0.79
488,0,0,0,0.96
489,0,0,0,0.92
490,0,0,1,0.35
491,0,0,1,0.22
492,0,0,1,0.2
493,0,0,0,0.28
494,0,0,1,0.92
495,0,0,0,0.07
496,0,1,1,0.94
497,1,0,1,0.38
498,1,0,0,0.01
499,0,0,1,0.22
500,0,0,0,0.29
501,0,0,1,0.89
502,0,1,0,0.72
503,0,0,0,0.95
504,0,0,1,0.04
505,0,1,1,0.98
506,0,0,1,0.71
507,0,1,1,0.68
508,0,0,0,0.29
509,0,0,0,0.7
510,0,0,0,0.6
511,0,0,0,0.24
512,1,0,0,0.02
513,0,0,1,0.14
514,1,1,0,0.41
515,1,0,0,0.59
516,0,0,1,0.79
517,0,0,1,0.57
518,0,0,0,0.2
519,1,1,0,0.52
520,0,0,0,0.37
521,0,1,1,0.05
522,1,1,0,0.64
523,0,0,0,0.56
524,1,0,0,0.08
525,0,0,0,0.9
526,1,1,1,0.3
527,0,0,0,0.92
528,0,0,0,0.45
529,0,0,1,0.92
530,1,0,0,0.92
531,0,0,1,0.46
532,0,1,0,0.7
533,0,0,0,0.04
534,0,0,0,0.99
535,0,0,1,0.54
536,0,0,0,0.88
537,0,0,0,0.22
538,0,1,1,0.84
539,0,0,0,0.42
540,0,0,0,0.42
541,0,0,0,0.95
542,0,0,0,0.0
543,0,0,0,0.01
544,0,0,0,0.63
545,0,0,0,0.28
546,0,0,0,0.94
547,1,1,1,0.65
548,0,0,1,0.24
549,0,0,0,0.59
550,0,0,0,0.38
551,0,1,0,0.51
552,0,0,0,0.26
553,0,0,1,0.6
554,0,0,0,0.31
555,0,1,0,0.93
556,1,0,1,0.54
557,0,1,0,0.32
558,0,1,0,0.44
559,0,0,0,0.58
560,1,0,1,0.31
561,0,0,1,0.01
562,0,0,0,0.75
563,0,0,0,0.61
564,0,0,0,0.15
565,1,1,0,0.6
566,0,0,0,0.77
567,0,1,0,0.5
568,0,0,0,0.69
569,0,0,0,0.56
570,0,0,0,0.69
571,0,0,1,0.31
572,1,0,0,0.27
573,0,1,1,0.3
574,0,0,1,0.25
575,1,0,1,0.44
576,0,1,0,0.39
577,1,0,0,0.17
578,0,0,0,0.49
579,0,0,0,0.88
580,0,0,0,0.06
581,0,1,0,0.39
582,0,0,0,0.97
583,0,0,0,0.45
584,0,0,0,0.91
585,0,0,0,0.38
586,0,1,1,0.19
587,0,0,0,0.39
588,1,0,0,0.53
589,0,0,0,0.36
590,0,1,0,0.6
591,1,0,0,0.96
592,0,0,0,0.36
593,0,0,0,0.12
594,0,0,1,0.68
595,0,1,0,0.99
596,0,1,0,0.15
597,0,0,1,0.17
598,0,0,0,0.2
599,1,0,0,0.76
600,0,0,1,0.9
601,0,0,0,0.79
602,0,0,0,0.38
603,1,0,1,0.64
604,0,0,0,0.86
605,0,0,0,0.11
606,0,0,0,0.63
607,1,0,0,0.25
608,0,0,0,0.37
609,0,0,1,0.27
610,1,1,0,0.96
611,0,0,0,0.21
612,0,0,0,0.56
613,0,0,1,0.65
614,0,1,0,0.79
615,0,0,0,0.54
616,0,0,0,0.05
617,0,0,0,0.04
618,1,1,1,0.06
619,0,0,0,0.06
620,0,0,1,0.6
621,1,1,0,0.67
622,0,0,0,0.03
623,1,1,0,0.46
624,0,0,0,0.78
625,0,0,0,0.83
626,1,0,0,0.59
627,1,0,1,0.1
628,0,0,1,0.1
629,0,0,0,0.88
630,0,1,0,0.7
631,1,0,1,0.71
632,0,0,1,0.96
633,0,0,0,0.48
634,0,0,1,0.47
635,0,0,1,0.48
636,0,0,0,0.41
637,0,0,1,0.6
638,0,0,1,0.56
639,0,0,1,0.94
640,0,1,0,0.04
641,0,0,0,0.1
642,0,0,0,0.3
643,1,1,1,0.01
644,0,0,0,0.98
645,1,0,0,0.82
646,0,0,0,0.54
647,0,1,0,0.19
648,0,0,0,0.16
649,0,0,0,0.2
650,0,0,0,0.19
651,0,0,0,0.98
652,0,0,1,0.96
653,0,0,0,0.28
654,1,0,0,0.61
655,0,0,1,0.76
656,0,0,0,0.03
657,0,0,0,0.24
658,0,0,1,0.07
659,0,0,1,0.5
660,0,0,1,0.83
661,0,1,0,0.23
662,0,0,1,0.76
663,0,0,1,0.12
664,0,0,0,0.94
665,0,0,1,0.4
666,0,0,0,0.47
667,1,1,0,0.46
668,0,0,1,0.73
669,1,1,1,0.39
670,0,0,0,0.32
671,1,0,0,0.48
672,0,0,1,0.78
673,0,0,0,0.04
674,0,0,0,0.31
675,0,1,0,0.34
676,0,0,0,0.72
677,0,0,0,0.9
678,0,0,0,0.26
679,0,1,0,0.03
680,0,1,0,0.93
681,0,0,0,0.18
682,0,0,0,0.26
683,1,0,0,0.05
684,0,1,0,0.2
685,0,0,0,0.15
686,0,1,0,0.95
687,0,0,1,0.21
688,0,0,0,0.64
689,0,1,1,0.59
690,0,0,0,0.09
691,0,0,1,0.96
692,1,1,0,0.32
693,0,0,0,0.63
694,1,0,0,0.5
695,1,0,1,0.97
696,0,1,0,0.45
697,0,1,0,0.42
698,0,0,0,0.96
699,0,0,0,0.84
700,0,0,1,0.41
701,0,1,0,0.26
702,0,0,0,0.63
703,0,0,0,0.42
704,0,0,1,0.22
705,1,0,0,0.94
706,0,0,0,0.33
707,0,0,0,0.69
708,0,1,0,0.25
709,1,0,1,0.65
710,0,0,0,0.67
711,1,0,0,0.47
712,0,0,0,0.12
713,0,0,0,0.85
714,0,0,0,0.57
715,0,1,1,0.55
716,0,1,1,0.74
717,0,0,0,0.23
718,0,1,0,0.17
719,0,0,0,0.34
720,0,0,0,0.41
721,0,1,0,0.46
722,1,0,0,0.91
723,1,0,1,0.01
724,0,0,0,0.45
725,1,0,1,0.54
726,0,0,0,0.5
727,0,1,0,0.71
728,0,0,0,0.44
729,1,0,0,0.26
730,0,0,0,0.74
731,0,0,0,0.02
732,1,0,1,0.48
733,0,0,0,0.79
734,0,0,1,0.44
735,1,0,1,0.82
736,0,0,1,0.48
737,0,1,0,0.55
738,0,0,1,0.43
739,1,0,1,0.28
740,0,0,0,0.61
741,0,0,0,0.03
742,0,0,0,0.91
743,0,1,0,0.98
744,0,0,0,0.87
745,0,0,0,0.18
746,0,0,0,0.71
747,0,0,0,0.8
748,0,0,0,0.68
749,0,0,0,0.45
750,0,1,0,0.65
751,0,0,0,0.33
752,0,0,0,0.79
753,0,0,0,0.03
754,1,0,0,0.04
755,0,1,0,0.41
756,1,0,1,0.43
757,0,0,1,0.1
758,0,0,0,0.92
759,0,0,1,0.45
760,0,0,0,0.36
761,1,0,0,0.22
762,0,0,1,0.31
763,0,1,0,0.48
764,0,0,0,0.11
765,0,0,0,0.51
766,0,0,0,0.26
767,0,0,1,0.0
768,0,1,1,0.34
769,1,0,1,0.42
770,0,0,0,0.04
771,0,0,0,0.45
772,0,0,0,0.13
773,0,0,0,0.18
774,0,0,1,0.87
775,0,1,0,0.49
776,0,0,1,0.63
777,0,0,1,0.38
778,0,0,1,0.34
779,0,0,1,0.37
780,0,0,1,0.67
781,0,0,0,0.89
782,0,0,0,0.78
783,0,0,1,0.11
784,0,0,1,0.14
785,0,0,0,0.94
786,0,0,1,0.73
787,0,0,1,0.6
788,0,0,0,0.97
789,0,0,0,0.68
790,0,1,0,0.61
791,1,0,0,1.0
792,0,1,0,0.67
793,0,0,1,0.97
794,0,0,0,0.23
795,0,0,1,0.95
796,0,0,0,0.24
797,1,0,1,0.64
798,0,1,0,0.85
799,0,1,0,0.37
800,0,0,1,0.83
801,0,1,0,0.06
802,0,0,0,0.77
803,0,0,0,0.11
804,0,1,0,0.46
805,0,1,1,0.14
806,1,0,0,0.13
807,1,0,1,0.17
808,0,0,0,0.89
809,0,0,0,0.08
810,0,0,1,0.05
811,1,0,0,0.2
812,1,0,0,0.04
813,0,0,0,0.76
814,0,0,0,0.79
815,0,1,1,0.33
816,0,0,0,0.71
817,0,0,1,0.11
818,0,0,1,0.69
819,0,0,0,0.29
820,0,0,0,0.09
821,0,1,1,0.86
822,0,1,0,0.87
823,1,0,0,0.6
824,0,0,0,0.56
825,0,1,0,0.55
826,0,1,0,0.21
827,0,0,1,0.49
828,0,0,0,0.67
829,0,0,1,0.65
830,0,1,1,0.78
831,1,1,0,0.18
832,0,1,0,0.71
833,1,1,0,0.38
834,0,1,1,0.8
835,1,0,0,0.27
836,0,0,0,0.85
837,0,1,0,0.3
838,0,1,0,0.88
839,0,0,1,0.04
840,0,0,0,0.16
841,0,1,0,0.46
842,0,0,0,0.56
843,0,0,0,0.91
844,0,0,0,0.1
845,0,0,0,0.1
846,1,0,0,0.62
847,0,0,0,0.72
848,0,0,1,0.96
849,0,0,0,0.87
850,1,0,0,0.89
851,0,0,1,0.87
852,0,1,0,0.15
853,0,0,0,0.81
854,1,1,0,0.45
855,1,1,1,0.43
856,0,1,0,0.27
857,1,0,0,0.27
858,0,0,0,0.17
859,1,0,0,0.46
860,0,0,0,0.01
861,1,0,0,0.89
862,0,0,0,0.51
863,0,0,1,0.41
864,0,0,1,0.36
865,0,0,1,0.2
866,0,0,0,0.47
867,0,1,1,0.23
868,0,0,1,0.18
869,0,1,0,0.37
870,0,0,0,0.4
871,1,0,0,0.51
872,0,0,0,0.44
873,0,0,1,0.2
874,1,1,0,0.91
875,0,1,1,0.86
876,0,0,0,0.37
877,0,0,1,0.84
878,1,0,0,0.69
879,0,0,0,0.99
880,1,1,0,0.26
881,1,0,0,0.25
882,1,0,0,0.77
883,0,1,0,0.92
884,0,0,1,0.51
885,0,0,0,0.79
886,0,0,0,0.66
887,0,1,0,0.79
888,0,0,1,0.71
889,1,0,0,0.91
890,0,0,1,0.95
891,0,0,0,0.91
892,0,0,1,0.13
893,0,0,0,0.44
894,0,1,0,0.7
895,0,0,0,0.01
896,0,1,1,0.87
897,0,0,0,0.01
898,0,0,0,0.56
899,0,0,0,0.42
900,0,0,0,0.0
901,0,0,1,0.07
902,1,0,0,0.79
903,0,0,0,0.78
904,0,0,1,0.55
905,0,0,0,0.62
906,0,0,0,0.24
907,1,0,0,0.04
908,0,1,0,0.6
909,0,0,1,0.29
910,0,0,0,0.52
911,1,0,1,0.07
912,0,0,1,0.29
913,0,0,1,0.87
914,0,0,0,0.54
915,0,0,1,0.55
916,0,0,0,0.33
917,0,0,0,0.98
918,0,1,0,0.69
919,0,0,1,0.12
920,0,0,1,0.98
921,0,0,0,0.74
922,1,0,1,0.13
923,0,1,1,0.65
924,0,1,0,0.19
925,1,0,0,0.2
926,0,0,0,0.37
927,0,0,1,0.36
928,1,0,1,0.69
929,0,0,1,0.97
930,1,0,0,0.31
931,0,0,0,0.6
932,0,0,0,0.36
933,1,1,0,0.49
934,0,0,0,0.46
935,0,0,0,0.54
936,0,1,0,0.48
937,1,0,0,0.09
938,0,0,0,0.37
939,0,0,0,0.41
940,0,0,0,0.1
941,0,0,0,0.16
942,0,0,1,0.41
943,0,1,1,0.98
944,0,0,0,0.81
945,0,0,0,0.71
946,0,0,0,0.98
947,0,0,0,0.16
948,0,1,1,0.64
949,0,0,0,0.22
950,0,0,1,0.58
951,1,0,0,0.8
952,0,0,1,0.82
953,0,0,1,0.77
954,1,0,0,0.55
955,0,0,0,0.21
956,0,0,0,0.34
957,0,0,0,0.56
958,0,1,0,0.75
959,0,0,1,0.62
960,0,0,1,0.92
961,1,0,0,0.43
962,0,0,1,0.67
963,0,0,0,0.79
964,0,0,0,0.47
965,0,0,0,0.27
966,1,0,0,0.2
967,0,0,1,0.06
968,0,0,1,0.68
969,0,0,1,0.53
970,0,0,1,0.56
971,0,0,1,0.63
972,0,0,1,0.71
973,0,0,0,0.79
974,0,0,0,0.25
975,0,0,0,0.84
976,0,0,0,0.75
977,0,0,0,0.37
978,0,0,0,0.68
979,0,0,1,0.77
980,0,0,1,0.87
981,1,0,0,0.94
982,0,0,0,0.19
983,0,0,1,0.64
984,0,0,0,0.87
985,0,0,0,0.57
986,0,0,0,0.71
987,0,0,0,0.64
988,0,1,0,0.37
989,0,0,0,0.31
990,0,1,0,0.37
991,0,0,0,0.03
992,0,0,1,0.8
993,1,0,0,0.28
994,0,0,1,0.27
995,0,0,1,0.58
996,1,0,1,0.09
997,1,0,0,0.39
998,0,0,0,1.0
999,0,0,1,0.48
1000,0,0,1,0.0
1001,0,0,0,0.97
1002,0,0,0,0.97
1003,1,0,0,0.85
1004,0,0,0,0.56
1005,0,0,1,0.74
1006,1,0,0,0.35
1007,1,0,0,0.42
1008,1,1,1,0.1
1009,0,0,0,0.24
1010,0,0,1,0.85
1011,0,1,0,0.11
1012,0,1,0,0.92
1013,0,1,0,0.73
1014,1,1,1,0.05
1015,0,1,0,0.73
1016,0,0,0,0.44
1017,0,0,0,0.73
1018,0,1,0,0.7
1019,0,0,0,0.56
1020,0,1,0,0.7
1021,0,1,0,0.01
1022,0,1,0,0.49
1023,0,0,0,0.05
1024,1,0,1,0.42
1025,0,0,0,0.94
1026,1,0,1,0.95
1027,1,0,0,0.48
1028,0,1,0,0.47
1029,0,0,0,0.32
1030,0,0,0,0.96
1031,0,1,0,0.76
1032,0,0,0,0.38
1033,0,0,0,0.31
1034,0,0,0,0.36
1035,1,1,0,0.68
1036,1,1,0,0.55
1037,0,0,1,0.47
1038,0,0,0,0.08
1039,1,0,0,0.14
1040,0,0,1,0.92
1041,0,0,0,0.57
1042,0,0,0,0.06
1043,0,0,0,0.39
1044,0,0,0,0.37
1045,0,1,1,0.81
1046,0,1,1,0.33
1047,0,0,0,0.82
1048,0,0,0,0.93
1049,0,1,0,0.47
1050,0,0,1,0.14
1051,0,0,0,0.39
1052,0,1,1,0.88
1053,0,0,0,0.25
1054,0,0,1,0.74
1055,1,0,0,0.79
1056,0,0,1,0.43
1057,1,0,1,0.28
1058,0,0,0,0.42
1059,1,0,0,0.51
1060,0,0,1,0.18
1061,1,0,0,0.82
1062,0,0,0,0.51
1063,0,0,0,0.45
1064,0,1,0,0.48
1065,0,0,0,0.8
1066,0,0,0,0.26
1067,0,0,1,0.01
1068,0,0,1,0.69
1069,1,1,0,0.33
1070,0,0,0,0.96
1071,0,1,1,0.34
1072,1,0,0,0.84
1073,0,0,0,0.87
1074,0,0,0,0.39
1075,0,0,1,0.93
1076,0,0,1,0.8
1077,0,0,1,0.45
1078,1,1,0,0.96
1079,0,0,0,0.47
1080,0,0,0,0.43
1081,0,0,1,0.14
1082,0,0,0,0.61
1083,0,0,0,0.31
1084,0,0,0,0.18
1085,1,0,0,0.71
1086,0,1,0,0.69
1087,0,0,1,0.05
1088,0,0,0,0.32
1089,0,0,0,0.22
1090,0,0,0,0.93
1091,0,0,0,0.17
1092,0,0,0,0.99
1093,0,0,0,0.41
1094,0,1,1,0.73
1095,1,0,0,0.46
1096,0,0,0,0.71
1097,0,0,0,0.51
1098,0,0,1,0.88
1099,0,0,1,0.14
1100,0,0,0,0.99
1101,0,0,0,0.88
1102,0,0,0,0.78
1103,0,1,0,0.16
1104,1,1,0,0.28
1105,0,0,1,0.14
1106,0,0,0,0.34
1107,0,1,0,0.61
1108,0,0,0,0.1
1109,0,0,0,0.35
1110,0,1,0,0.43
1111,0,0,1,0.9
1112,0,0,0,0.6
1113,0,0,0,0.63
1114,1,1,1,0.18
1115,0,0,0,0.37
1116,1,0,1,0.05
1117,0,0,1,0.67
1118,0,0,0,0.27
1119,0,0,1,0.24
1120,0,0,1,0.8
1121,0,1,0,0.13
1122,0,1,1,0.98
1123,0,0,0,0.1
1124,0,0,0,0.67
1125,0,1,0,0.59
1126,0,0,0,0.29
1127,0,0,1,0.78
1128,0,1,1,0.63
1129,0,0,1,0.45
1130,0,0,0,0.89
1131,1,0,0,0.36
1132,0,0,1,0.29
1133,0,0,0,0.04
1134,0,0,1,0.39
1135,0,1,0,0.5
1136,0,1,0,0.11
1137,0,0,0,0.72
1138,0,0,0,0.49
1139,0,0,1,0.81
1140,0,0,0,0.97
1141,0,0,0,0.7
1142,0,1,1,0.78
1143,0,0,0,0.8
1144,0,0,0,0.34
1145,1,1,1,0.91
1146,0,0,0,0.42
1147,0,1,0,0.72
1148,0,0,0,0.84
1149,0,1,0,0.86
1150,0,0,0,0.35
1151,0,0,0,0.88
1152,1,0,0,0.09
1153,0,1,0,0.35
1154,0,1,1,0.12
1155,0,0,1,0.76
1156,0,0,0,0.79
1157,1,0,0,0.18
1158,0,0,0,0.3
1159,1,0,0,0.01
1160,1,0,1,0.72
1161,0,1,0,0.45
1162,0,0,1,0.76
1163,0,0,1,0.69
1164,0,0,0,0.01
1165,0,0,0,0.21
1166,0,0,0,0.85
1167,1,0,1,0.59
1168,0,0,1,0.66
1169,0,0,0,0.34
1170,0,0,0,0.47
1171,0,0,0,0.99
1172,0,0,0,0.21
1173,0,0,0,0.09
1174,0,0,1,0.03
1175,1,0,0,0.54
1176,0,0,0,0.12
1177,0,0,0,0.93
1178,1,1,0,0.03
1179,0,1,1,0.38
1180,0,1,0,0.85
1181,0,0,0,0.63
1182,1,1,0,0.17
1183,0,0,0,0.67
1184,0,1,0,0.33
1185,0,0,1,0.14
1186,0,0,1,0.21
1187,0,0,1,0.12
1188,0,0,0,0.6
1189,0,0,1,0.76
1190,0,0,1,0.57
1191,1,1,0,0.07
1192,0,1,0,0.56
1193,0,0,0,0.23
1194,0,0,0,0.33
1195,0,1,0,0.33
1196,0,0,1,0.62
1197,0,0,1,0.39
1198,0,0,0,0.27
1199,0,0,0,0.36
1200,0,0,0,0.05
1201,0,1,1,0.69
1202,0,0,1,0.81
1203,0,0,0,0.69
1204,0,1,1,0.44
1205,1,1,1,0.59
1206,0,0,0,0.33
1207,0,1,0,0.93
1208,0,0,0,0.3
1209,1,0,0,0.57
1210,1,0,1,0.67
1211,1,0,0,0.57
1212,0,1,0,0.28
1213,0,1,1,0.76
1214,0,1,0,0.02
1215,0,1,0,0.23
1216,0,0,0,0.84
1217,0,0,1,0.15
1218,1,0,1,0.97
1219,0,0,1,0.11
1220,0,0,0,0.26
1221,1,0,1,0.9
1222,0,1,1,0.05
1223,1,0,1,0.82
1224,0,0,0,0.49
1225,0,1,1,0.81
1226,0,0,0,0.33
1227,0,0,1,0.71
1228,0,1,0,0.22
1229,1,0,0,0.47
1230,0,0,0,0.82
1231,0,0,1,0.92
1232,0,0,0,0.67
1233,1,1,0,0.09
1234,0,0,0,0.96
1235,0,0,0,0.92
1236,1,1,0,0.28
1237,0,0,0,1.0
1238,1,0,0,0.69
1239,0,0,0,0.9
1240,1,0,1,0.56
1241,0,0,1,0.28
1242,0,0,0,0.82
1243,0,1,0,0.85
1244,0,0,1,0.71
1245,0,0,0,0.96
1246,1,0,0,0.29
1247,0,0,0,0.61
1248,1,0,1,0.93
1249,0,0,0,0.19
1250,0,0,1,0.42
1251,0,0,0,0.51
1252,0,0,1,0.44
1253,0,0,0,0.84
1254,0,0,0,0.42
1255,0,0,1,0.24
1256,0,0,0,0.57
1257,0,0,0,0.99
1258,1,1,0,0.47
1259,0,0,1,0.53
1260,1,0,0,0.27
1261,1,0,0,0.28
1262,0,0,0,0.46
1263,0,0,0,0.39
1264,0,0,0,0.36
1265,0,0,1,0.67
1266,0,0,1,0.84
1267,0,0,1,0.49
1268,0,0,0,0.63
1269,0,1,0,0.72
1270,0,1,0,0.78
1271,0,1,1,0.28
1272,0,0,0,0.9
1273,0,0,0,0.51
1274,1,0,0,0.3
1275,1,0,1,0.91
1276,0,1,0,0.94
1277,0,0,0,0.51
1278,0,0,1,0.95
1279,0,0,1,0.92
1280,0,1,0,0.39
1281,1,0,0,0.05
1282,0,1,0,0.77
1283,0,0,0,0.93
1284,0,0,0,0.28
1285,0,0,0,0.55
1286,0,0,0,0.92
1287,0,1,0,0.51
1288,0,0,0,0.69
1289,1,0,0,0.99
1290,0,0,1,0.96
1291,0,0,0,0.69
1292,0,0,0,0.29
1293,0,1,1,0.24
1294,0,0,0,0.16
1295,0,0,1,0.9
1296,1,0,1,0.49
1297,0,0,0,0.01
1298,0,0,1,0.93
1299,0,0,0,0.91
1300,0,0,0,0.37
1301,0,0,1,0.69
1302,0,0,1,0.79
1303,0,0,0,0.95
1304,0,0,0,0.13
1305,0,0,1,0.89
1306,0,0,0,0.82
1307,0,0,1,0.67
1308,0,1,1,0.4
1309,0,0,1,0.08
1310,0,0,0,0.91
1311,0,1,0,0.79
1312,0,0,0,0.76
1313,0,0,0,0.17
1314,1,0,0,0.89
1315,0,0,0,0.33
1316,0,0,0,0.8
1317,1,1,0,0.35
1318,0,0,0,0.01
1319,0,0,0,0.79
1320,0,1,0,0.2
1321,0,0,0,0.19
1322,0,0,0,0.27
1323,1,0,1,0.28
1324,0,0,1,0.2
1325,1,0,0,0.36
1326,0,0,0,0.51
1327,0,0,0,0.5
1328,0,0,0,0.41
1329,0,0,0,0.19
1330,0,0,1,0.15
1331,0,0,0,0.48
1332,0,0,1,0.29
1333,0,0,1,0.12
1334,0,0,1,0.6
1335,0,1,0,0.96
1336,0,0,0,0.73
1337,0,0,1,0.01
1338,0,0,0,0.58
1339,0,1,0,0.83
1340,0,0,0,0.17
1341,0,0,1,0.41
1342,0,0,0,0.85
1343,0,0,0,0.03
1344,0,0,0,0.26
1345,0,0,0,0.39
1346,0,0,1,0.01
1347,0,0,0,0.71
1348,0,0,1,0.74
1349,0,0,0,0.34
1350,0,0,1,0.18
1351,0,0,0,0.54
1352,0,1,0,0.71
1353,0,0,0,0.06
1354,1,0,0,0.76
1355,0,0,0,0.45
1356,0,1,0,0.12
1357,0,0,1,0.75
1358,0,0,1,0.25
1359,0,0,0,0.21
1360,0,0,0,0.09
1361,0,0,1,0.15
1362,0,1,0,0.83
1363,1,0,0,0.92
1364,0,0,0,0.12
1365,1,0,0,0.79
1366,0,1,0,0.99
1367,0,0,0,0.94
1368,0,0,0,0.89
1369,0,0,0,0.85
1370,0,0,1,0.08
1371,0,0,1,0.0
1372,0,0,0,0.23
1373,0,0,0,0.11
1374,0,1,0,0.76
1375,1,0,0,0.58
1376,0,0,0,0.84
1377,0,0,0,0.22
1378,0,0,0,0.95
1379,0,0,1,0.58
1380,0,0,0,0.76
1381,0,0,0,0.82
1382,0,0,0,0.3
1383,0,1,0,0.3
1384,0,0,0,0.67
1385,0,0,1,0.83
1386,0,0,0,0.12
1387,1,0,1,0.64
1388,0,0,0,0.82
1389,1,0,0,0.53
1390,0,0,0,0.07
1391,1,0,0,0.51
1392,0,0,1,0.42
1393,0,0,0,0.99
1394,1,0,0,0.32
1395,0,0,0,0.85
1396,0,1,1,0.19
1397,0,0,0,0.87
1398,0,0,1,0.08
1399,0,0,1,0.83
1400,0,0,1,0.89
1401,0,0,0,0.82
1402,0,0,0,0.72
1403,0,0,0,0.17
1404,0,0,0,0.98
1405,0,0,0,0.25
1406,0,0,0,0.01
1407,0,0,0,0.05
1408,1,0,1,0.21
1409,0,0,0,0.5
1410,0,0,0,0.68
1411,1,0,0,0.07
1412,0,0,0,0.17
1413,1,1,1,0.97
1414,0,0,0,0.73
1415,0,0,0,0.47
1416,0,0,0,0.17
1417,1,0,1,0.73
1418,0,1,0,0.87
1419,0,1,1,0.38
1420,1,0,0,0.83
1421,1,0,1,0.6
1422,0,0,1,0.53
1423,0,1,1,0.18
1424,0,0,0,0.95
1425,0,0,1,0.75
1426,0,0,1,0.45
1427,0,0,0,0.52
1428,0,0,1,0.94
1429,0,0,0,0.1
1430,1,0,0,0.74
1431,0,0,1,0.54
1432,0,1,1,0.43
1433,0,0,0,0.73
1434,0,0,0,0.99
1435,0,0,0,0.09
1436,0,0,0,0.68
1437,1,0,1,0.29
1438,0,0,0,0.04
1439,0,0,0,0.62
1440,0,0,1,0.94
1441,1,0,1,0.3
1442,0,1,0,0.81
1443,1,1,0,0.99
1444,0,0,1,0.97
1445,0,1,1,0.91
1446,0,1,0,0.01
1447,1,0,0,0.03
1448,0,0,1,0.99
1449,0,0,0,0.5
1450,1,0,0,0.89
1451,0,0,1,0.11
1452,1,0,1,0.52
1453,0,0,0,0.23
1454,0,0,1,0.58
1455,0,0,1,0.04
1456,0,0,0,0.65
1457,1,0,0,0.5
1458,0,0,0,0.56
1459,0,0,0,0.94
1460,0,0,0,0.68
1461,0,0,0,0.85
1462,0,0,0,0.76
1463,1,0,1,0.17
1464,1,0,0,0.04
1465,0,0,0,0.48
1466,0,1,1,0.34
1467,0,0,0,0.8
1468,0,0,1,0.0
1469,1,0,0,0.36
1470,1,1,0,0.44
1471,0,0,1,0.97
1472,0,0,0,0.23
1473,0,0,0,0.48
1474,0,0,0,0.48
1475,0,1,0,0.68
1476,0,0,0,0.33
1477,0,1,0,0.43
1478,0,0,0,0.17
1479,0,0,0,0.62
1480,0,1,0,0.04
1481,0,1,1,0.57
1482,0,0,1,0.79
1483,0,0,1,0.54
1484,0,0,0,0.59
1485,0,0,0,0.93
1486,0,0,0,0.96
1487,0,1,0,0.4
1488,0,1,0,0.9
1489,0,0,0,0.88
1490,0,0,0,0.04
1491,0,1,1,0.17
1492,1,0,0,0.64
1493,0,1,0,0.14
1494,0,0,0,0.36
1495,0,0,1,0.92
1496,0,0,1,0.12
1497,1,0,1,0.66
1498,0,1,1,1.0
1499,0,0,1,0.65
1500,0,1,1,0.45
1501,0,1,0,0.09
1502,0,1,0,0.79
1503,0,0,0,0.56
1504,0,1,0,0.01
1505,0,0,0,0.82
1506,0,1,0,0.86
1507,0,1,1,0.41
1508,0,1,0,0.23
1509,0,1,1,0.58
1510,0,0,1,0.47
1511,0,0,0,0.97
1512,0,0,1,0.94
1513,0,0,0,0.08
1514,0,0,1,0.93
1515,0,0,0,0.93
1516,0,0,1,0.2
1517,0,0,0,0.61
1518,0,0,0,0.31
1519,0,0,0,0.63
1520,0,1,0,0.6
1521,1,0,0,0.33
1522,0,0,0,0.03
1523,1,0,0,0.46
1524,0,0,0,0.76
1525,0,1,0,0.78
1526,0,0,0,0.28
1527,0,0,1,0.79
1528,0,1,0,0.4
1529,1,1,0,0.74
1530,0,0,0,0.34
1531,0,0,1,0.38
1532,0,0,0,0.49
1533,0,0,0,0.03
1534,0,0,0,0.65
1535,0,0,0,0.33
1536,0,0,0,0.59
1537,1,0,0,0.28
1538,0,1,1,0.02
1539,0,1,0,0.34
1540,0,0,0,0.34
1541,0,0,0,0.86
1542,0,0,0,0.78
1543,1,0,0,0.53
1544,0,0,0,0.71
1545,0,0,1,0.15
1546,0,1,0,0.33
1547,0,0,0,0.05
1548,0,1,1,0.31
1549,0,0,0,0.83
1550,1,0,0,0.2
1551,0,0,0,0.96
1552,1,0,0,0.17
1553,0,0,0,0.56
1554,0,0,0,0.09
1555,0,1,0,0.12
1556,0,0,1,0.69
1557,0,0,1,0.4
1558,0,0,0,0.85
1559,0,0,0,0.8
1560,1,0,0,0.25
1561,0,0,0,0.27
1562,0,0,0,0.95
1563,0,0,1,0.39
1564,0,0,0,0.4
1565,0,1,0,0.28
1566,0,0,0,0.46
1567,0,0,1,0.49
1568,0,0,1,0.9
1569,1,1,1,0.71
1570,0,0,1,0.73
1571,0,0,1,0.72
1572,0,0,1,0.43
1573,0,0,0,0.89
1574,0,0,0,0.87
1575,0,0,1,0.64
1576,0,0,1,0.6
1577,1,0,0,0.07
1578,0,0,0,0.71
1579,0,0,0,0.52
1580,0,0,0,0.62
1581,0,0,0,0.72
1582,0,0,0,0.31
1583,0,0,0,0.08
1584,0,0,1,0.62
1585,0,0,0,0.92
1586,1,1,0,0.93
1587,0,0,0,0.14
1588,0,0,0,0.25
1589,0,0,0,0.72
1590,0,0,0,0.05
1591,0,1,0,0.74
1592,0,1,0,0.7
1593,0,0,0,0.09
1594,0,0,0,0.31
1595,0,0,0,0.1
1596,0,0,0,0.17
1597,0,1,0,0.05
1598,0,0,0,0.98
1599,0,0,1,0.25
1600,0,0,0,0.84
1601,0,0,0,0.06
1602,0,0,1,0.46
1603,0,0,0,0.95
1604,0,1,0,0.16
1605,0,0,1,0.86
1606,0,0,1,0.57
1607,1,0,0,0.59
1608,0,0,0,0.92
1609,0,0,1,0.9
1610,0,0,0,0.94
1611,0,0,1,1.0
1612,0,0,0,0.68
1613,0,0,0,0.82
1614,1,1,0,0.36
1615,0,0,0,0.78
1616,0,0,0,0.84
1617,0,0,0,0.6
1618,0,0,0,0.79
1619,0,0,0,0.38
1620,0,0,0,0.09
1621,1,1,1,0.64
1622,0,0,0,0.83
1623,0,0,1,0.93
1624,0,0,0,0.09
1625,1,1,0,0.75
1626,0,1,1,0.08
1627,0,0,1,0.18
1628,0,0,0,0.98
1629,0,0,0,0.52
1630,0,0,0,0.35
1631,0,0,0,0.66
1632,0,0,1,0.97
1633,0,0,0,0.44
1634,0,0,1,0.14
1635,0,0,1,0.7
1636,0,0,0,0.92
1637,0,0,0,0.44
1638,0,0,0,0.62
1639,0,1,1,0.78
1640,0,1,0,0.23
1641,0,0,1,0.03
1642,0,0,0,0.02
1643,0,0,1,0.24
1644,0,0,0,0.84
1645,0,1,1,0.21
1646,0,0,0,0.3
1647,0,0,0,0.05
1648,0,0,1,0.54
1649,0,0,0,0.13
1650,0,1,0,0.67
1651,0,0,0,0.17
1652,0,0,1,0.42
1653,0,0,0,0.72
1654,0,0,1,0.31
1655,0,0,0,0.96
1656,1,0,1,0.29
1657,1,0,0,0.91
1658,0,0,0,0.94
1659,0,0,0,0.21
1660,0,0,0,0.04
1661,0,0,0,0.85
1662,0,0,0,0.23
1663,1,0,0,0.9
1664,1,0,0,0.39
1665,0,0,0,0.74
1666,0,0,1,0.97
1667,0,0,1,0.12
1668,0,0,1,0.69
1669,0,1,1,0.66
1670,0,0,0,0.78
1671,1,1,0,0.84
1672,0,1,1,0.81
1673,0,1,0,0.52
1674,0,0,0,0.72
1675,1,1,1,0.94
1676,0,0,0,0.34
1677,0,0,0,0.84
1678,0,0,0,0.79
1679,0,0,1,0.46
1680,0,0,0,0.83
1681,0,1,0,0.85
1682,0,0,0,0.22
1683,0,0,0,0.65
1684,0,0,1,0.21
1685,0,0,1,0.75
1686,0,0,0,0.77
1687,0,0,1,0.86
1688,0,0,0,0.37
1689,0,0,0,0.06
1690,0,0,0,0.39
1691,0,0,0,0.99
1692,0,0,1,0.03
1693,0,0,0,0.69
1694,0,0,0,0.77
1695,1,1,0,0.23
1696,1,0,0,0.48
1697,0,0,0,0.37
1698,0,1,0,0.37
1699,0,0,0,0.07
1700,0,0,0,0.84
1701,0,0,0,0.0
1702,0,1,0,0.9
1703,0,0,0,0.59
1704,0,1,0,0.2
1705,0,0,1,0.53
1706,0,1,1,0.45
1707,0,0,0,0.72
1708,0,0,1,0.97
1709,0,0,0,0.8
1710,0,0,0,0.12
1711,0,0,0,0.26
1712,1,0,0,0.59
1713,0,0,0,0.04
1714,0,0,1,0.58
1715,0,1,1,0.32
1716,0,0,0,0.43
1717,0,0,0,0.73
1718,0,0,1,0.01
1719,1,0,0,0.24
1720,0,1,1,0.09
1721,0,0,0,0.98
1722,1,0,0,0.55
1723,0,1,1,0.31
1724,0,1,0,0.43
1725,0,0,0,0.01
1726,0,0,1,0.19
1727,0,0,0,0.88
1728,0,0,0,0.78
1729,0,1,1,0.89
1730,1,0,0,0.49
1731,0,0,1,0.95
1732,0,0,1,0.73
1733,0,0,0,0.59
1734,0,0,0,0.91
1735,1,0,0,0.61
1736,0,0,0,0.99
1737,0,0,0,0.79
1738,0,0,0,0.83
1739,0,0,1,0.73
1740,0,0,0,0.14
1741,0,0,1,0.21
1742,0,0,0,0.24
1743,1,0,0,0.95
1744,0,0,1,0.91
1745,0,1,0,0.1
1746,0,0,0,0.73
1747,1,0,1,0.69
1748,0,0,1,0.63
1749,0,0,0,0.95
1750,0,0,0,0.2
1751,0,0,1,0.65
1752,0,0,0,0.88
1753,0,0,1,0.05
1754,1,0,0,0.69
1755,0,1,0,0.33
1756,1,0,1,0.99
1757,0,0,1,0.87
1758,0,1,0,0.07
1759,0,0,1,0.38
1760,1,0,0,0.97
1761,0,0,0,0.3
1762,0,1,0,0.78
1763,0,0,1,0.12
1764,1,1,0,0.45
1765,0,0,0,0.93
1766,0,0,1,0.61
1767,0,0,0,0.22
1768,0,0,0,0.82
1769,0,0,0,0.15
1770,0,0,0,0.79
1771,1,0,1,0.56
1772,0,0,0,0.56
1773,1,0,0,0.2
1774,0,1,0,0.25
1775,1,0,0,0.72
1776,0,0,0,0.35
1777,0,1,0,0.97
1778,0,1,1,0.46
1779,0,0,0,0.63
1780,0,0,0,0.06
1781,0,0,1,0.41
1782,0,0,0,0.87
1783,0,1,0,0.47
1784,0,0,0,0.28
1785,0,0,0,0.13
1786,0,0,1,0.59
1787,0,0,1,0.46
1788,0,0,0,0.78
1789,0,1,0,0.53
1790,0,0,1,0.35
1791,0,1,0,0.33
1792,0,0,0,0.47
1793,0,0,1,0.25
1794,0,0,0,0.92
1795,1,0,0,0.35
1796,0,1,1,0.92
1797,1,0,0,0.24
1798,0,0,0,0.13
1799,0,0,1,0.71
1800,0,0,1,0.55
1801,0,0,1,0.83
1802,1,0,0,0.07
1803,0,0,0,0.15
1804,1,0,1,0.28
1805,0,0,1,0.3
1806,0,0,0,0.44
1807,0,0,1,0.25
1808,0,0,1,0.73
1809,0,0,0,0.8
1810,0,0,0,0.33
1811,0,0,0,0.46
1812,0,0,1,0.55
1813,0,0,0,0.06
1814,1,0,0,0.39
1815,0,1,1,0.81
1816,1,0,0,0.88
1817,0,0,1,0.56
1818,0,0,1,0.76
1819,0,1,0,0.01
1820,0,0,0,0.25
1821,0,0,0,0.31
1822,0,0,0,0.4
1823,0,0,0,0.76
1824,0,0,0,0.87
1825,1,0,0,0.23
1826,0,0,1,0.89
1827,0,0,0,0.57
1828,0,0,0,0.61
1829,0,0,1,0.28
1830,0,1,1,0.39
1831,0,0,0,0.33
1832,1,0,0,0.18
1833,0,1,0,0.25
1834,0,0,0,0.66
1835,0,0,0,0.07
1836,0,0,0,0.14
1837,0,0,1,0.5
1838,1,0,1,0.39
1839,0,0,0,0.95
1840,0,0,1,0.4
1841,1,0,0,0.78
1842,0,0,0,0.32
1843,0,0,0,0.08
1844,1,0,0,0.69
1845,0,0,1,0.61
1846,0,0,1,0.16
1847,0,0,0,0.48
1848,0,0,0,0.25
1849,0,0,0,0.18
1850,0,0,0,0.14
1851,0,1,0,0.6
1852,0,0,1,0.07
1853,0,0,0,0.16
1854,0,0,0,0.21
1855,0,0,1,0.64
1856,0,0,0,0.88
1857,0,0,0,0.02
1858,0,0,0,0.08
1859,0,0,1,0.9
1860,0,0,0,0.82
1861,0,0,1,0.72
1862,0,1,0,0.63
1863,1,0,1,0.74
1864,1,1,0,0.03
1865,0,1,0,0.84
1866,0,0,0,0.44
1867,0,1,0,0.91
1868,0,0,0,0.89
1869,0,0,0,0.5
1870,0,0,0,0.56
1871,0,0,0,0.14
1872,0,0,0,0.76
1873,0,0,0,0.8
1874,0,0,0,0.25
1875,1,0,0,0.01
1876,0,1,0,0.84
1877,0,1,0,0.43
1878,0,1,0,0.42
1879,0,1,1,0.39
1880,1,0,1,0.93
1881,0,0,0,0.8
1882,0,0,1,0.59
1883,1,0,0,0.97
1884,0,0,1,0.66
1885,0,0,1,0.08
1886,0,1,0,0.18
1887,0,1,0,0.4
1888,1,0,0,0.16
1889,0,0,0,0.59
1890,0,1,0,0.7
1891,0,0,0,0.07
1892,1,0,1,0.14
1893,0,0,0,0.96
1894,0,1,0,0.22
1895,0,0,0,0.86
1896,0,0,0,0.85
1897,0,0,0,0.55
1898,1,0,1,0.55
1899,0,0,0,0.65
1900,0,0,0,0.69
1901,0,0,0,0.13
1902,0,0,1,0.06
1903,0,0,0,0.94
1904,0,0,0,0.9
1905,0,1,1,0.31
1906,0,0,0,0.56
1907,0,0,0,0.09
1908,1,1,0,0.93
1909,1,0,0,0.7
1910,1,1,0,0.03
1911,0,0,0,0.64
1912,0,0,1,0.19
1913,0,0,0,0.71
1914,1,0,1,0.06
1915,0,0,1,0.53
1916,0,0,0,0.65
1917,0,0,1,0.41
1918,1,0,0,0.52
1919,1,0,1,0.69
1920,0,1,0,0.64
1921,0,0,0,0.79
1922,0,0,0,0.77
1923,0,1,0,0.72
1924,0,0,0,0.63
1925,0,1,0,0.94
1926,0,0,0,0.67
1927,0,0,1,0.62
1928,0,0,0,0.25
1929,0,1,0,0.74
1930,0,0,0,0.86
1931,0,0,0,0.37
1932,1,1,0,0.01
1933,0,0,1,0.22
1934,0,0,1,0.18
1935,0,0,0,0.04
1936,0,1,0,0.33
1937,1,1,0,0.66
1938,0,0,0,0.1
1939,0,0,1,0.89
1940,0,0,0,0.71
1941,0,0,0,0.62
1942,0,0,1,0.18
1943,0,1,1,0.3
1944,0,0,0,0.82
1945,0,0,1,0.38
1946,0,1,1,0.15
1947,0,1,0,0.22
1948,0,1,0,0.27
1949,0,1,0,0.73
1950,0,0,1,0.08
1951,0,0,0,0.78
1952,0,0,0,0.38
1953,0,0,0,0.5
1954,0,1,1,0.85
1955,1,1,0,0.31
1956,0,0,1,0.34
1957,0,0,1,0.74
1958,0,0,1,0.91
1959,0,0,0,0.51
1960,1,0,0,0.36
1961,0,0,0,0.28
1962,0,0,1,0.17
1963,0,0,0,0.21
1964,0,0,0,0.99
1965,0,0,0,0.75
1966,1,0,0,0.26
1967,0,0,1,0.43
1968,1,0,0,0.1
1969,0,0,0,0.68
1970,0,0,1,0.82
1971,1,1,0,0.35
1972,1,1,0,0.39
1973,0,0,1,0.75
1974,0,0,0,0.36
1975,1,0,0,0.79
1976,0,1,0,0.85
1977,0,0,0,0.28
1978,0,0,1,0.18
1979,0,0,1,0.92
1980,0,0,0,0.1
1981,0,0,1,0.16
1982,1,0,1,0.95
1983,1,1,0,0.06
1984,0,1,0,0.94
1985,0,0,0,0.07
1986,0,0,0,0.56
1987,0,1,0,0.57
1988,1,0,0,0.87
1989,0,0,0,0.36
1990,0,0,0,0.81
1991,0,0,0,0.39
1992,0,0,0,0.63
1993,1,0,0,0.59
1994,0,0,0,0.85
1995,0,0,1,0.07
1996,1,0,0,0.56
1997,0,0,0,0.11
1998,0,0,0,0.39
1999,0,0,0,0.66
2000,0,0,1,0.52
2001,1,0,0,0.54
2002,0,0,1,0.25
2003,0,0,0,0.72
2004,0,0,0,0.59
2005,0,0,1,0.2
2006,0,0,0,0.08
2007,0,0,0,0.96
2008,1,0,1,0.65
2009,0,0,1,0.77
2010,1,1,0,0.72
2011,0,1,0,0.74
2012,0,0,0,0.96
2013,0,0,0,0.66
2014,1,0,1,0.43
2015,1,0,0,0.37
2016,0,0,0,0.02
2017,1,0,1,0.72
2018,0,0,0,0.71
2019,1,0,0,0.62
2020,0,0,0,0.81
2021,0,0,1,0.83
2022,0,0,0,0.22
2023,0,0,0,0.95
2024,0,0,0,0.69
2025,0,0,0,0.3
2026,0,0,0,0.09
2027,0,0,0,0.01
2028,0,1,0,0.96
2029,0,0,1,0.98
2030,0,0,0,0.59
2031,1,0,0,0.65
2032,0,0,0,0.25
2033,1,0,1,0.52
2034,0,0,1,0.64
2035,0,0,1,0.69
2036,0,0,0,0.81
2037,0,0,0,0.47
2038,1,0,1,0.47
2039,0,1,0,0.14
2040,0,0,0,0.37
2041,0,0,0,0.36
2042,0,1,0,0.29
2043,0,0,0,0.52
2044,0,0,0,0.56
2045,0,0,1,0.15
2046,0,0,0,0.05
2047,0,0,1,1.0
2048,1,0,0,0.1
2049,0,0,0,0.37
2050,0,0,0,0.35
2051,0,0,1,0.97
2052,0,0,0,0.96
2053,0,1,0,0.79
2054,1,0,0,0.78
2055,0,0,1,0.73
2056,1,0,0,0.68
2057,0,0,1,0.17
2058,0,0,0,0.65
2059,0,0,0,0.45
2060,0,0,1,0.11
2061,0,0,1,0.64
2062,0,0,0,0.45
2063,1,0,0,0.55
2064,0,0,0,0.22
2065,0,0,1,0.94
2066,0,0,0,0.4
2067,0,0,1,0.5
2068,0,0,0,0.12
2069,0,0,1,0.42
2070,0,1,0,0.51
2071,0,0,0,0.43
2072,0,0,1,0.94
2073,0,0,0,0.12
2074,0,0,0,0.08
2075,0,0,0,0.33
2076,0,1,0,0.59
2077,0,0,0,0.92
2078,0,0,0,0.56
2079,1,0,1,0.69
2080,0,0,0,0.08
2081,0,0,0,0.44
2082,0,1,1,0.87
2083,0,0,0,0.72
2084,0,0,1,0.78
2085,0,0,0,0.92
2086,0,1,1,0.78
2087,0,1,0,0.13
2088,0,0,0,0.2
2089,0,0,0,0.44
2090,0,1,0,0.21
2091,0,1,0,0.04
2092,0,0,0,0.77
2093,0,0,0,0.55
2094,0,0,1,0.39
2095,0,0,0,0.03
2096,0,1,0,0.51
2097,1,0,0,0.22
2098,0,0,1,0.45
2099,0,0,0,0.95
2100,0,1,0,0.01
2101,0,1,0,0.88
2102,0,0,0,0.54
2103,0,0,0,0.27
2104,0,0,0,0.51
2105,0,0,0,0.27
2106,0,1,1,0.99
2107,0,0,1,0.65
2108,0,0,0,0.96
2109,1,0,0,0.42
2110,0,0,1,0.79
2111,0,1,0,0.73
2112,0,1,0,0.76
2113,1,0,0,0.95
2114,0,0,0,0.68
2115,0,0,0,0.97
2116,0,1,1,0.41
2117,0,0,0,0.76
2118,0,0,0,0.46
2119,0,0,0,0.79
2120,0,0,0,0.47
2121,0,0,1,0.12
2122,0,0,0,0.01
2123,0,0,0,0.05
2124,0,0,1,0.79
2125,0,0,1,0.07
2126,0,0,0,0.0
2127,0,0,0,0.27
2128,1,0,1,0.39
2129,1,1,0,0.05
2130,0,0,1,0.07
2131,0,0,0,0.54
2132,0,0,1,0.11
2133,0,0,0,0.27
2134,1,0,0,0.58
2135,0,0,0,0.33
2136,0,0,0,0.33
2137,0,0,1,0.64
2138,0,0,1,0.79
2139,0,0,1,0.44
2140,1,0,0,0.26
2141,0,1,0,0.02
2142,0,1,0,0.29
2143,0,1,0,0.34
2144,0,0,0,0.92
2145,0,1,0,0.05
2146,0,0,1,0.98
2147,0,0,0,0.6
2148,0,0,0,0.02
2149,0,0,0,0.96
2150,0,0,0,0.01
2151,0,0,0,0.06
2152,0,0,1,0.94
2153,0,1,0,0.81
2154,0,0,1,0.44
2155,0,0,1,0.44
2156,0,0,1,0.68
2157,0,0,0,0.34
2158,0,0,0,0.36
2159,0,0,0,0.3
2160,0,0,1,0.19
2161,0,0,0,0.97
2162,0,0,1,0.07
2163,0,0,0,0.23
2164,0,0,0,0.68
2165,0,1,1,0.56
2166,1,0,0,0.18
2167,0,0,1,0.78
2168,0,0,0,0.2
2169,0,0,0,0.09
2170,0,1,0,0.36
2171,0,0,0,0.26
2172,0,0,0,0.5
2173,0,1,1,0.39
2174,0,0,0,0.43
2175,1,0,0,0.0
2176,0,0,1,0.63
2177,0,0,0,0.35
2178,0,0,1,0.86
2179,0,1,0,0.78
2180,0,1,0,0.76
2181,0,0,0,0.3
2182,0,0,0,0.7
2183,1,0,0,0.63
2184,0,0,0,0.97
2185,0,0,0,0.51
2186,1,0,0,0.13
2187,0,0,0,0.96
2188,0,0,1,0.9
2189,0,0,0,0.99
2190,0,0,0,0.98
2191,1,0,1,0.59
2192,0,0,1,0.62
2193,0,0,0,0.45
2194,0,0,0,0.89
2195,0,1,1,0.47
2196,0,0,1,0.19
2197,0,1,1,0.55
2198,0,0,0,0.44
2199,0,0,0,0.17
2200,0,0,1,0.26
2201,0,0,0,0.38
2202,0,0,0,0.13
2203,0,0,0,0.39
2204,0,0,0,0.05
2205,1,1,0,0.13
2206,0,1,0,0.01
2207,1,0,0,0.82
2208,0,0,0,0.7
2209,0,0,0,0.89
2210,1,0,1,0.24
2211,0,0,0,0.85
2212,0,0,0,0.74
2213,0,1,0,0.02
2214,0,0,1,0.93
2215,0,0,0,0.97
2216,0,0,0,0.01
2217,0,0,1,0.99
2218,0,1,0,0.7
2219,0,0,1,0.05
2220,1,0,1,0.07
2221,1,0,0,0.93
2222,0,0,1,0.57
2223,1,1,0,0.74
2224,1,1,0,0.74
2225,1,0,1,0.4
2226,0,0,0,0.54
2227,0,0,0,0.39
2228,1,1,0,0.84
2229,1,0,0,0.15
2230,1,0,0,0.17
2231,0,0,0,0.26
2232,0,0,0,0.61
2233,0,0,1,0.86
2234,0,0,0,0.14
2235,1,0,0,0.35
2236,1,0,0,0.7
2237,0,1,0,0.1
2238,1,1,0,0.58
2239,1,1,1,0.37
2240,0,0,0,0.24
2241,0,0,0,0.12
2242,0,1,0,0.27
2243,0,1,0,0.98
2244,0,0,1,0.68
2245,0,0,1,0.86
2246,0,0,1,0.2
2247,0,0,0,0.88
2248,0,0,0,0.81
2249,0,0,0,0.43
2250,0,0,1,0.44
2251,0,0,0,0.8
2252,0,0,0,0.03
2253,1,0,0,0.47
2254,0,1,1,0.07
2255,0,0,0,0.29
2256,1,0,0,0.18
2257,0,0,1,0.93
2258,0,0,0,0.07
2259,0,1,0,0.01
2260,0,0,0,0.82
2261,0,0,1,0.6
2262,1,0,0,0.2
2263,1,1,0,0.35
2264,0,0,0,0.26
2265,0,0,0,0.76
2266,0,0,0,0.54
2267,0,0,0,0.95
2268,0,0,0,0.97
2269,1,1,0,0.54
2270,0,0,0,0.47
2271,1,0,0,0.64
2272,0,0,0,0.8
2273,1,0,1,0.87
2274,0,0,1,0.29
2275,0,0,0,0.65
2276,0,0,1,0.4
2277,1,0,1,0.75
2278,0,0,0,0.63
2279,0,0,0,0.11
2280,0,0,0,0.52
2281,0,0,0,0.12
2282,0,0,1,0.41
2283,0,0,0,0.06
2284,0,0,0,0.78
2285,0,0,1,0.53
2286,0,0,1,0.36
2287,0,0,0,0.84
2288,0,0,0,0.89
2289,0,0,0,0.12
2290,0,0,0,0.91
2291,0,0,0,0.16
2292,0,1,0,0.78
2293,0,0,0,0.81
2294,0,1,0,0.92
2295,0,0,0,0.45
2296,0,0,0,0.46
2297,0,1,0,0.98
2298,1,0,0,0.09
2299,0,0,1,0.83
2300,1,0,1,0.15
2301,0,0,0,0.27
2302,0,0,1,0.33
2303,0,0,0,0.06
2304,1,0,1,0.51
2305,0,0,1,0.68
2306,0,0,0,0.87
2307,0,0,0,0.8
2308,0,0,0,0.7
2309,0,0,1,0.35
2310,0,0,0,0.68
2311,0,0,0,0.5
2312,0,0,0,0.73
2313,0,0,0,0.59
2314,0,0,0,0.5
2315,1,0,0,0.84
2316,0,0,0,0.9
2317,0,0,1,0.04
2318,0,1,0,0.79
2319,1,0,0,0.23
2320,0,0,0,0.66
2321,0,0,0,0.86
2322,0,0,0,0.69
2323,0,0,0,0.78
2324,0,1,0,0.48
2325,0,0,0,0.8
2326,0,0,0,0.52
2327,0,0,0,0.08
2328,0,0,1,0.44
2329,1,0,0,0.39
2330,0,1,0,0.01
2331,0,0,0,0.58
2332,0,0,0,0.67
2333,0,0,1,0.91
2334,0,0,0,0.06
2335,0,0,0,0.0
2336,0,1,0,0.08
2337,0,0,1,0.49
2338,0,0,1,0.14
2339,0,0,0,0.54
2340,0,0,0,0.63
2341,0,0,0,0.27
2342,1,0,0,0.97
2343,0,1,0,0.08
2344,0,1,0,0.29
2345,1,0,0,0.44
2346,0,1,1,0.09
2347,0,1,0,0.61
2348,0,1,0,0.82
2349,0,0,0,0.26
2350,0,0,0,0.69
2351,1,1,0,0.44
2352,0,0,0,0.03
2353,0,0,0,0.58
2354,0,0,0,0.47
2355,0,0,0,0.11
2356,0,0,0,0.27
2357,0,0,0,0.84
2358,0,0,0,0.18
2359,1,1,1,0.33
2360,0,0,1,0.24
2361,1,0,0,0.27
2362,0,1,0,0.17
2363,0,0,1,0.97
2364,0,0,0,0.6
2365,0,1,0,0.08
2366,1,1,0,0.36
2367,1,0,1,0.56
2368,0,0,0,0.92
2369,0,0,0,0.61
2370,0,0,0,0.14
2371,0,0,0,0.36
2372,0,0,0,0.48
2373,0,0,0,0.84
2374,0,0,1,0.06
2375,0,0,0,0.39
2376,0,0,0,0.7
2377,0,0,0,0.45
2378,0,0,1,0.49
2379,0,0,1,0.5
2380,1,0,0,0.37
2381,1,1,0,0.6
2382,0,0,0,0.39
2383,0,0,0,0.48
2384,1,0,0,0.69
2385,0,0,1,0.48
2386,0,0,1,0.16
2387,0,0,1,0.11
2388,0,0,0,0.89
2389,0,0,0,0.28
2390,0,0,0,0.33
2391,0,0,1,0.39
2392,0,0,0,0.87
2393,0,0,0,0.98
2394,0,0,1,0.55
2395,0,0,0,0.52
2396,0,0,0,0.3
2397,1,0,0,0.65
2398,0,1,0,0.4
2399,0,0,0,0.41
2400,0,0,0,0.3
2401,0,0,0,0.95
2402,0,0,0,0.54
2403,0,1,1,0.72
2404,0,0,0,0.49
2405,0,0,1,0.76
2406,0,0,0,0.23
2407,0,0,0,0.54
2408,0,0,0,0.49
2409,0,0,0,0.7
2410,0,0,1,0.83
2411,0,1,1,0.87
2412,0,1,0,0.21
2413,0,0,0,0.88
2414,1,1,1,0.55
2415,0,1,0,0.81
2416,0,1,0,0.16
2417,0,0,0,0.01
2418,0,0,1,0.25
2419,0,0,0,0.18
2420,0,0,0,0.86
2421,0,0,0,0.42
2422,0,0,0,0.21
2423,0,0,1,0.89
2424,1,0,0,0.37
2425,1,0,0,0.25
2426,0,0,0,0.76
2427,0,0,0,0.7
2428,0,0,1,0.6
2429,0,1,0,0.58
2430,0,0,0,0.85
2431,0,0,0,0.37
2432,0,0,0,0.83
2433,0,0,1,0.49
2434,0,0,0,0.78
2435,0,0,0,0.31
2436,0,0,0,0.66
2437,0,1,0,0.35
2438,0,0,0,0.98
2439,0,0,0,0.74
2440,0,0,0,0.21
2441,1,0,1,0.57
2442,0,0,1,0.79
2443,0,0,1,0.12
2444,0,0,0,0.75
2445,0,0,0,0.83
2446,0,1,0,0.74
2447,0,0,0,0.27
2448,0,1,1,0.04
2449,0,0,1,0.46
2450,0,0,0,0.13
2451,0,1,1,0.89
2452,0,1,1,0.33
2453,1,0,1,0.73
2454,0,1,0,1.0
2455,1,0,0,0.45
2456,0,0,0,0.41
2457,1,1,0,0.55
2458,1,0,0,0.72
2459,0,0,1,0.58
2460,0,0,1,0.46
2461,0,0,0,0.81
2462,0,1,0,0.06
2463,0,0,0,0.53
2464,1,1,0,0.97
2465,0,0,0,0.43
2466,0,0,0,0.98
2467,0,0,1,0.02
2468,0,0,1,0.12
2469,0,0,0,0.48
2470,0,0,0,0.75
2471,1,0,0,0.49
2472,0,1,1,0.21
2473,0,0,0,0.24
2474,0,1,1,0.61
2475,1,0,0,0.82
2476,0,0,1,0.95
2477,1,0,0,0.54
2478,0,0,0,0.24
2479,1,0,0,0.6
2480,1,0,0,0.24
2481,0,0,0,0.3
2482,0,0,0,0.1
2483,0,1,0,0.08
2484,0,0,1,0.73
2485,0,1,0,0.37
2486,0,0,0,0.1
2487,0,0,0,0.73
2488,0,0,0,0.24
2489,0,0,0,0.46
2490,0,0,0,0.4
2491,0,0,0,0.23
2492,1,1,0,0.32
2493,0,0,0,0.07
2494,0,1,1,0.86
2495,0,0,1,0.78
2496,0,1,1,0.12
2497,0,0,1,0.0
2498,0,1,1,0.59
2499,0,0,1,0.89
2500,0,0,0,0.78
2501,0,0,1,0.17
2502,0,0,1,0.8
2503,0,0,0,0.15
2504,0,1,1,0.48
2505,0,1,0,0.73
2506,0,0,1,0.63
2507,0,0,1,0.07
2508,1,1,1,0.67
2509,0,1,1,0.81
2510,0,0,1,0.7
2511,0,0,0,0.89
2512,0,0,1,0.93
2513,0,0,0,0.71
2514,1,0,0,0.36
2515,0,1,0,0.71
2516,1,0,0,0.2
2517,0,0,0,0.4
2518,0,0,0,0.9
2519,0,0,0,0.32
2520,0,0,0,0.27
2521,1,0,0,0.53
2522,0,0,1,0.33
2523,0,0,0,0.74
2524,0,0,0,0.99
2525,0,0,0,0.7
2526,0,0,0,0.15
2527,0,0,0,0.22
2528,0,0,0,0.5
2529,1,0,0,0.52
2530,0,0,1,0.47
2531,0,1,0,0.79
2532,0,1,0,0.96
2533,0,0,0,0.92
2534,0,0,1,0.28
2535,0,0,0,0.51
2536,0,0,0,0.42
2537,1,1,1,0.85
2538,1,0,1,0.96
2539,0,0,0,0.68
2540,0,1,0,0.45
2541,0,0,0,0.83
2542,0,1,1,0.21
2543,0,0,0,0.19
2544,0,0,0,0.4
2545,0,0,0,0.6
2546,1,0,0,0.74
2547,0,0,1,0.04
2548,0,0,0,0.17
2549,0,0,0,0.07
2550,0,0,0,0.52
2551,0,0,0,0.08
2552,1,0,1,0.38
2553,0,0,0,0.61
2554,0,0,0,0.03
2555,0,0,1,0.53
2556,0,0,1,0.56
2557,0,0,0,0.76
2558,0,0,0,0.11
2559,0,0,0,0.29
2560,0,0,0,0.94
2561,0,0,0,0.54
2562,0,0,1,0.21
2563,1,0,0,0.74
2564,0,0,1,0.95
2565,0,0,1,0.79
2566,0,0,1,0.61
2567,0,0,1,0.58
2568,1,1,0,0.79
2569,1,0,1,0.59
2570,0,1,1,0.28
2571,0,0,0,0.07
2572,0,1,1,0.76
2573,0,0,0,0.73
2574,0,0,1,0.17
2575,0,0,0,0.22
2576,1,1,0,0.62
2577,0,0,0,0.53
2578,0,0,0,0.96
2579,0,0,1,0.07
2580,0,0,0,0.0
2581,0,0,1,0.48
2582,0,0,1,0.72
2583,0,0,0,0.87
2584,0,0,1,0.07
2585,0,1,1,0.68
2586,1,0,0,0.35
2587,0,0,0,0.88
2588,0,0,1,0.73
2589,0,1,0,0.2
2590,0,0,1,0.24
2591,1,0,0,0.49
2592,0,0,0,0.46
2593,0,0,0,0.28
2594,0,0,0,0.11
2595,0,0,0,0.01
2596,0,0,0,0.45
2597,0,0,0,0.09
2598,0,0,1,0.82
2599,1,0,0,0.56
2600,0,0,0,0.41
2601,0,0,1,0.85
2602,0,0,1,0.13
2603,0,0,0,0.6
2604,1,0,1,0.19
2605,0,0,0,0.12
2606,1,0,0,0.35
2607,0,1,0,0.41
2608,0,0,0,0.28
2609,0,0,1,0.86
2610,0,0,0,0.86
2611,0,0,0,0.22
2612,0,0,0,0.35
2613,0,0,0,0.35
2614,0,0,1,0.37
2615,0,1,0,0.99
2616,0,0,0,0.81
2617,0,0,1,0.74
2618,1,1,0,0.36
2619,0,0,0,0.34
2620,0,0,1,0.88
2621,0,0,1,0.31
2622,0,1,0,0.91
2623,0,1,0,0.37
2624,0,0,0,0.5
2625,0,1,0,0.28
2626,0,0,0,0.48
2627,0,0,0,0.97
2628,0,0,1,0.03
2629,0,1,0,0.76
2630,1,0,0,0.45
2631,0,0,1,0.42
2632,0,0,0,0.78
2633,1,0,0,0.53
2634,1,1,0,0.57
2635,0,0,0,0.35
2636,0,0,0,0.74
2637,0,0,0,0.22
2638,0,0,1,0.96
2639,0,0,1,0.02
2640,0,1,0,0.37
2641,0,0,0,0.73
2642,0,0,0,0.2
2643,1,0,0,0.25
2644,0,0,0,0.34
2645,0,1,1,0.46
2646,0,1,0,0.14
2647,0,1,0,0.49
2648,0,1,0,0.38
2649,1,0,1,0.28
2650,0,0,0,0.06
2651,0,0,1,0.91
2652,0,0,1,0.77
2653,0,0,0,0.38
2654,0,0,0,0.06
2655,0,1,1,0.18
2656,0,0,0,0.78
2657,0,0,0,0.03
2658,0,0,0,0.12
2659,0,0,1,0.91
2660,0,0,0,0.68
2661,1,0,0,0.08
2662,0,0,1,0.7
2663,0,0,0,0.32
2664,1,0,0,0.73
2665,0,0,0,0.66
2666,1,0,0,0.39
2667,0,1,0,0.15
2668,0,0,0,0.1
2669,0,1,0,0.5
2670,0,0,0,0.06
2671,0,0,0,0.21
2672,0,0,0,0.86
2673,0,0,0,0.21
2674,0,1,0,0.06
2675,0,0,0,0.33
2676,0,0,0,0.49
2677,0,0,0,0.74
2678,1,1,0,0.7
2679,0,0,0,0.38
2680,1,0,0,0.74
2681,0,0,0,0.58
2682,1,0,0,0.47
2683,0,1,0,0.5
2684,0,0,1,0.23
2685,0,1,0,0.0
2686,0,1,0,0.14
2687,0,0,1,0.09
2688,1,0,0,0.39
2689,0,0,1,0.56
2690,1,0,1,0.2
2691,0,0,0,0.92
2692,0,0,0,0.8
2693,0,0,1,0.93
2694,0,0,0,0.71
2695,0,1,0,0.62
2696,0,1,0,0.56
2697,0,1,0,0.91
2698,0,0,0,0.99
2699,0,0,0,0.15
2700,0,0,0,0.61
2701,0,1,0,0.48
2702,0,0,0,0.15
2703,0,0,0,0.75
2704,0,0,0,0.78
2705,0,0,1,0.56
2706,0,0,1,0.64
2707,0,0,0,0.18
2708,0,0,0,0.06
2709,0,0,1,0.38
2710,1,0,1,0.3
2711,0,0,0,0.66
2712,0,0,0,0.08
2713,0,1,0,0.89
2714,1,0,0,0.84
2715,0,1,0,0.42
2716,0,0,0,0.33
2717,0,0,0,0.56
2718,0,1,1,0.58
2719,0,1,0,0.15
2720,0,1,0,0.5
2721,0,0,1,0.32
2722,0,0,0,0.12
2723,0,0,0,0.66
2724,0,0,1,0.17
2725,1,0,0,0.98
2726,1,0,0,0.7
2727,0,0,1,0.87
2728,0,0,0,0.2
2729,0,0,1,0.84
2730,0,1,0,0.92
2731,0,0,0,0.44
2732,0,0,0,0.21
2733,0,0,0,0.27
2734,0,0,0,0.82
2735,0,0,1,0.89
2736,0,1,1,0.41
2737,0,0,1,0.18
2738,0,0,0,0.56
2739,1,0,1,0.73
2740,0,1,0,0.86
2741,0,1,0,0.81
2742,0,0,1,0.88
2743,0,0,0,0.6
2744,0,0,0,0.31
2745,0,0,0,0.24
2746,0,0,0,0.32
2747,0,0,0,0.43
2748,0,0,1,0.1
2749,0,0,0,0.99
2750,0,0,0,0.8
2751,0,0,0,0.57
2752,0,0,0,0.09
2753,1,1,0,0.87
2754,0,0,0,0.79
2755,0,0,1,0.92
2756,0,0,0,0.25
2757,0,0,0,0.14
2758,0,0,0,0.05
2759,1,0,1,0.42
2760,0,0,1,0.01
2761,1,0,1,0.92
2762,1,0,0,0.37
2763,0,0,0,0.74
2764,0,0,0,0.87
2765,0,1,1,0.51
2766,0,0,1,0.5
2767,0,0,0,0.07
2768,0,0,0,0.95
2769,0,1,0,0.45
2770,0,1,0,0.81
2771,1,0,0,0.6
2772,0,0,0,0.79
2773,0,0,0,0.93
2774,0,0,0,0.9
2775,0,0,1,0.11
2776,0,0,0,0.42
2777,1,0,0,0.85
2778,1,0,0,0.46
2779,0,0,1,0.51
2780,0,0,0,0.62
2781,0,0,0,0.89
2782,0,0,1,0.15
2783,0,1,0,0.84
2784,0,0,1,0.16
2785,1,0,1,0.83
2786,0,0,0,0.85
2787,0,1,0,0.68
2788,0,0,0,0.37
2789,0,0,1,0.47
2790,0,1,0,0.29
2791,0,0,0,0.32
2792,0,0,0,0.74
2793,0,0,0,0.22
2794,0,1,0,0.96
2795,0,1,1,0.39
2796,0,0,0,0.56
2797,0,0,0,0.35
2798,1,0,1,0.41
2799,0,0,0,0.12
2800,0,0,0,0.16
2801,0,0,1,0.17
2802,0,0,0,0.65
2803,0,0,0,0.66
2804,0,0,1,0.35
2805,0,0,0,0.27
2806,1,0,0,0.04
2807,0,0,0,0.49
2808,0,0,0,0.6
2809,0,0,1,0.54
2810,0,0,0,0.19
2811,0,0,0,0.16
2812,1,0,1,0.33
2813,1,0,0,0.9
2814,0,0,1,0.3
2815,0,1,1,0.35
2816,0,0,0,0.13
2817,0,0,0,0.44
2818,0,1,0,0.16
2819,0,0,0,0.94
2820,0,0,0,0.2
2821,0,0,1,0.43
2822,0,1,0,0.38
2823,0,0,0,0.43
2824,0,0,0,0.19
2825,1,1,0,0.97
2826,1,1,0,0.29
2827,0,1,1,0.75
2828,0,0,0,0.7
2829,1,0,0,0.81
2830,0,1,0,0.57
2831,0,0,0,0.24
2832,0,0,0,0.71
2833,0,0,1,0.14
2834,0,0,1,0.89
2835,0,0,0,0.58
2836,0,0,0,0.35
2837,1,0,0,0.99
2838,0,0,0,0.44
2839,1,0,1,0.07
2840,0,0,0,0.3
2841,1,0,0,0.77
2842,0,0,0,0.43
2843,0,1,0,0.97
2844,0,0,0,0.03
2845,0,0,0,0.97
2846,0,0,0,0.31
2847,0,0,0,0.88
2848,0,0,0,0.5
2849,0,1,0,0.57
2850,0,0,1,0.62
2851,0,0,0,0.32
2852,0,0,0,0.39
2853,0,0,1,0.34
2854,0,0,0,0.48
2855,0,1,1,0.67
2856,0,0,0,0.29
2857,0,1,1,0.91
2858,0,0,0,0.86
2859,0,0,0,0.39
2860,0,0,0,0.11
2861,0,0,0,0.25
2862,1,1,0,0.01
2863,0,1,0,0.43
2864,0,0,0,0.17
2865,0,0,1,0.77
2866,0,0,0,0.86
2867,0,0,0,0.93
2868,0,0,0,0.17
2869,0,1,0,0.71
2870,0,0,0,0.67
2871,0,0,0,0.75
2872,0,0,1,0.3
2873,0,0,1,0.69
2874,0,0,1,0.84
2875,0,0,0,0.56
2876,0,1,0,0.72
2877,0,0,0,0.4
2878,0,0,1,0.99
2879,0,0,0,0.69
2880,1,0,1,0.24
2881,0,0,0,0.38
2882,0,0,1,0.67
2883,0,0,1,0.29
2884,0,0,0,0.47
2885,0,0,0,0.96
2886,1,0,0,0.16
2887,0,0,1,0.41
2888,0,0,1,0.98
2889,0,0,0,0.26
2890,0,0,0,0.29
2891,1,0,1,0.31
2892,0,0,0,0.49
2893,0,0,0,0.53
2894,1,1,0,0.86
2895,0,0,0,0.33
2896,0,1,0,0.42
2897,0,0,0,0.38
2898,0,1,0,0.34
2899,1,0,1,0.86
2900,0,0,0,0.65
2901,0,0,1,0.04
2902,0,0,0,0.45
2903,0,1,0,0.48
2904,0,0,0,0.03
2905,0,0,1,0.89
2906,0,1,1,0.78
2907,0,1,1,0.13
2908,0,0,0,0.38
2909,0,0,0,0.5
2910,0,0,0,0.35
2911,0,0,0,0.96
2912,0,0,0,0.74
2913,0,0,0,0.64
2914,0,1,1,0.49
2915,0,1,0,0.69
2916,0,0,0,0.84
2917,0,0,0,0.94
2918,1,0,0,0.16
2919,0,0,0,0.34
2920,0,0,1,0.15
2921,0,0,0,0.4
2922,0,0,0,0.13
2923,0,0,0,0.53
2924,0,1,0,0.94
2925,0,0,1,0.54
2926,0,1,1,0.83
2927,0,1,0,0.74
2928,0,0,0,0.58
2929,0,0,0,0.71
2930,0,0,0,0.77
2931,1,0,1,0.17
2932,0,0,0,0.42
2933,0,0,0,0.13
2934,1,0,1,0.36
2935,0,1,1,0.94
2936,0,0,0,0.59
2937,1,0,0,0.27
2938,0,0,1,0.37
2939,0,0,0,0.66
2940,0,0,1,0.44
2941,0,1,1,0.81
2942,0,1,0,0.21
2943,1,0,1,0.0
2944,0,0,1,0.13
2945,0,0,1,0.75
2946,0,0,0,0.97
2947,0,0,0,0.89
2948,0,0,0,0.51
2949,0,0,0,0.17
2950,0,0,1,0.45
2951,1,0,0,0.07
2952,0,0,1,0.04
2953,0,0,0,0.59
2954,0,0,1,0.66
2955,0,0,0,0.92
2956,0,0,0,0.93
2957,0,0,0,0.49
2958,1,1,0,0.62
2959,0,0,1,0.34
2960,0,0,0,0.46
2961,0,0,0,0.66
2962,0,0,0,0.48
2963,0,0,0,0.4
2964,0,0,0,0.56
2965,0,0,0,0.53
2966,0,0,0,0.71
2967,0,0,0,0.24
2968,0,0,1,0.25
2969,0,0,0,0.85
2970,1,0,0,0.16
2971,1,0,1,0.54
2972,0,1,1,0.62
2973,0,0,0,0.62
2974,0,0,0,0.28
2975,0,0,0,0.54
2976,0,0,1,0.9
2977,1,0,0,0.85
2978,0,1,0,0.68
2979,0,0,1,0.29
2980,0,0,1,0.4
2981,1,0,0,0.49
2982,0,0,1,0.13
2983,0,0,1,0.65
2984,1,0,0,0.82
2985,1,0,0,0.96
2986,0,0,0,0.28
2987,0,0,0,0.87
2988,0,0,0,0.2
2989,0,0,0,0.33
2990,1,0,1,0.1
2991,0,0,0,0.79
2992,0,0,0,0.23
2993,0,0,1,0.42
2994,0,0,0,0.23
2995,0,1,0,0.45
2996,0,0,0,0.16
2997,1,0,0,0.9
2998,1,0,0,0.36
2999,0,0,0,0.37
3000,0,0,0,0.07
3001,0,0,0,0.24
3002,0,1,0,0.09
3003,0,0,0,0.49
3004,0,0,0,0.59
3005,0,0,0,0.21
3006,1,0,0,0.22
3007,0,1,0,0.55
3008,0,0,1,0.9
3009,0,0,1,0.87
3010,0,1,0,0.53
3011,0,0,0,0.07
3012,0,0,0,0.11
3013,0,1,1,0.43
3014,0,1,1,0.39
3015,0,0,0,0.86
3016,0,0,0,0.12
3017,0,0,0,0.03
3018,1,0,0,0.14
3019,0,0,0,0.85
3020,0,1,0,0.43
3021,0,1,0,0.86
3022,0,1,0,1.0
3023,0,0,0,0.19
3024,0,0,0,0.26
3025,0,0,0,0.3
3026,1,0,1,0.32
3027,0,1,0,0.99
3028,0,0,1,0.23
3029,1,0,1,0.58
3030,0,0,0,0.4
3031,0,0,1,0.56
3032,0,0,0,0.81
3033,0,0,0,0.42
3034,0,0,0,0.55
3035,0,0,0,0.75
3036,0,1,0,0.77
3037,0,0,0,0.66
3038,0,0,1,0.31
3039,1,0,0,0.08
3040,0,0,1,0.07
3041,0,0,0,0.05
3042,0,0,0,0.23
3043,0,0,0,0.47
3044,0,0,0,0.33
3045,0,0,0,0.72
3046,0,1,0,0.23
3047,0,0,1,0.31
3048,0,0,0,0.06
3049,0,0,0,0.3
3050,0,0,1,0.51
3051,0,0,0,0.92
3052,0,0,0,0.58
3053,1,1,1,0.53
3054,1,0,0,0.15
3055,0,0,0,0.36
3056,1,0,0,0.06
3057,0,0,0,0.61
3058,0,0,0,0.43
3059,0,1,0,0.66
3060,0,1,0,0.4
3061,0,0,0,0.83
3062,0,1,0,0.16
3063,0,0,0,0.51
3064,0,0,1,0.65
3065,0,1,0,0.71
3066,0,0,1,0.85
3067,0,0,1,0.28
3068,1,0,0,0.72
3069,0,0,0,0.86
3070,0,0,0,0.1
3071,0,0,0,0.32
3072,0,1,1,0.39
3073,0,0,0,0.6
3074,0,0,0,0.69
3075,0,0,1,0.46
3076,0,0,0,0.01
3077,1,0,0,0.09
3078,0,1,0,0.62
3079,0,0,1,0.21
3080,0,0,0,0.46
3081,0,0,0,0.68
3082,0,1,1,0.1
3083,0,1,0,0.12
3084,0,0,1,0.88
3085,1,0,0,0.44
3086,1,0,1,0.91
3087,0,0,0,0.64
3088,1,0,1,0.57
3089,0,0,0,0.05
3090,0,0,0,0.02
3091,0,0,0,0.16
3092,0,0,1,0.76
3093,0,0,0,0.47
3094,1,0,0,0.04
3095,0,0,1,0.02
3096,0,0,0,0.06
3097,0,0,0,0.47
3098,0,0,0,0.68
3099,0,0,0,0.58
3100,0,0,0,0.8
3101,0,1,0,0.55
3102,0,0,1,0.3
3103,0,0,0,0.78
3104,1,0,1,0.15
3105,1,0,1,0.07
3106,0,0,0,0.75
3107,0,1,0,0.94
3108,0,0,0,0.77
3109,1,1,1,0.97
3110,0,1,1,0.82
3111,0,0,0,0.07
3112,0,0,0,0.18
3113,0,0,0,0.09
3114,0,0,0,0.03
3115,0,0,0,0.65
3116,0,1,1,0.78
3117,0,0,0,0.05
3118,0,0,0,0.53
3119,0,0,1,0.8
3120,0,0,0,0.24
3121,0,0,0,0.02
3122,0,1,1,0.07
3123,0,0,1,0.87
3124,1,0,1,0.24
3125,0,0,0,0.4
3126,1,0,0,0.11
3127,0,0,0,0.61
3128,0,0,1,0.43
3129,0,1,0,0.86
3130,1,1,1,0.02
3131,0,0,1,0.09
3132,0,0,1,0.25
3133,0,1,0,0.07
3134,1,0,0,0.71
3135,0,0,1,0.12
3136,0,0,0,0.36
3137,1,0,1,0.44
3138,0,0,0,0.74
3139,0,0,0,0.33
3140,0,0,1,0.2
3141,0,0,0,0.84
3142,1,0,1,0.32
3143,0,1,0,0.44
3144,0,0,0,0.72
3145,0,1,0,0.23
3146,0,1,1,0.09
3147,0,0,0,0.48
3148,1,0,1,0.18
3149,0,0,0,0.35
3150,0,0,0,0.42
3151,0,0,1,0.81
3152,0,1,1,0.15
3153,0,1,0,0.27
3154,0,0,0,0.69
3155,0,0,0,0.76
3156,1,0,1,0.37
3157,1,0,1,0.74
3158,0,0,1,0.11
3159,0,0,1,0.57
3160,0,1,1,0.15
3161,1,1,0,0.04
3162,1,0,0,0.4
3163,1,1,1,0.2
3164,0,0,0,0.79
3165,0,0,0,0.81
3166,0,0,0,0.58
3167,0,0,1,0.12
3168,0,1,0,0.32
3169,0,0,0,0.14
3170,0,0,1,0.52
3171,0,0,0,0.85
3172,0,1,0,0.54
3173,0,1,0,0.9
3174,0,1,0,0.35
3175,0,0,1,0.57
3176,0,0,0,0.72
3177,0,0,0,0.37
3178,1,0,0,0.84
3179,0,0,1,0.59
3180,0,0,0,0.68
3181,0,0,1,0.07
3182,0,0,0,0.93
3183,0,0,0,0.82
3184,1,0,0,0.61
3185,0,0,1,0.4
3186,0,1,0,0.28
3187,0,0,1,0.44
3188,0,0,1,0.56
3189,1,1,0,0.63
3190,0,0,0,0.29
3191,0,1,0,0.32
3192,0,0,0,0.53
3193,1,0,0,0.3
3194,0,1,0,0.94
3195,0,0,0,0.27
3196,0,0,0,0.95
3197,0,0,0,0.72
3198,0,0,0,0.13
3199,1,0,0,0.22
3200,0,0,1,0.3
3201,1,0,0,0.7
3202,0,0,1,0.47
3203,0,0,1,0.6
3204,0,0,1,0.27
3205,0,0,0,0.81
3206,0,0,0,0.07
3207,1,0,0,0.86
3208,0,0,0,0.42
3209,0,0,0,0.11
3210,1,1,1,0.69
3211,0,1,0,0.08
3212,0,1,1,0.56
3213,0,0,1,0.01
3214,0,0,0,0.43
3215,0,0,0,0.04
3216,0,1,0,0.11
3217,0,0,1,0.35
3218,0,0,1,0.68
3219,0,1,1,0.93
3220,0,0,0,0.16
3221,0,0,0,0.36
3222,0,0,0,0.7
3223,0,0,0,0.25
3224,0,0,0,0.7
3225,1,0,0,0.33
3226,0,0,0,0.55
3227,0,0,0,0.15
3228,0,0,0,0.04
3229,0,0,1,0.73
3230,0,1,1,0.07
3231,0,0,0,0.66
3232,0,0,1,0.79
3233,0,0,1,0.09
3234,0,0,0,0.96
3235,0,0,0,0.24
3236,0,0,0,0.92
3237,0,0,1,0.76
3238,1,0,0,0.49
3239,0,1,0,0.02
3240,0,0,0,0.02
3241,0,0,1,0.76
3242,0,0,0,0.88
3243,0,0,1,0.77
3244,0,0,0,0.06
3245,0,0,1,0.98
3246,0,0,1,0.72
3247,0,0,1,0.56
3248,0,1,1,0.54
3249,0,0,0,0.41
3250,1,0,0,0.25
3251,0,0,1,0.4
3252,0,0,0,0.82
3253,1,0,1,0.55
3254,1,1,0,0.65
3255,1,0,0,0.36
3256,0,1,0,0.89
3257,0,0,1,0.13
3258,0,0,0,0.7
3259,0,1,1,0.36
3260,0,0,1,0.68
3261,0,0,0,0.34
3262,0,1,0,0.15
3263,1,1,0,0.78
3264,0,1,1,0.85
3265,0,0,0,0.68
3266,0,0,0,0.76
3267,0,0,1,0.16
3268,0,0,0,0.1
3269,0,0,1,0.25
3270,0,0,1,0.01
3271,0,0,0,0.13
3272,0,0,0,0.43
3273,0,0,0,0.67
3274,0,0,1,0.92
3275,0,0,0,0.36
3276,0,1,1,0.8
3277,0,0,0,0.23
3278,0,0,0,0.36
3279,0,0,1,0.16
3280,0,1,0,0.96
3281,0,1,1,0.77
3282,0,0,0,0.81
3283,0,0,1,0.46
3284,0,0,0,0.68
3285,0,0,0,0.96
3286,0,0,0,0.86
3287,0,0,0,0.6
3288,0,1,0,0.66
3289,0,1,0,0.75
3290,0,0,0,0.19
3291,0,0,1,0.66
3292,0,0,0,0.43
3293,0,0,0,0.94
3294,0,0,1,0.56
3295,0,0,0,0.69
3296,0,0,0,0.79
3297,0,1,1,0.01
3298,0,0,0,0.61
3299,0,0,0,0.85
3300,0,0,0,0.65
3301,0,0,0,0.52
3302,0,0,1,0.95
3303,1,0,1,0.15
3304,0,0,0,0.76
3305,0,0,1,0.79
3306,0,0,1,0.28
3307,0,0,0,0.22
3308,0,1,0,0.62
3309,0,0,0,0.58
3310,0,0,0,0.85
3311,0,1,0,0.15
3312,0,1,0,0.23
3313,0,0,0,0.59
3314,0,0,1,0.91
3315,0,0,0,0.9
3316,0,1,0,0.16
3317,1,1,1,0.22
3318,0,0,0,0.87
3319,0,0,1,0.27
3320,0,0,0,0.34
3321,1,0,0,0.07
3322,1,0,0,0.87
3323,0,0,0,0.98
3324,0,0,1,0.37
3325,0,0,0,0.68
3326,0,1,1,0.45
3327,0,0,1,0.74
3328,0,0,0,0.11
3329,0,0,0,0.25
3330,0,0,0,0.96
3331,0,0,0,0.65
3332,1,0,0,0.57
3333,1,0,0,0.27
3334,0,0,1,0.94
3335,0,1,0,0.55
3336,0,0,0,0.28
3337,0,1,1,0.08
3338,0,1,0,0.06
3339,0,1,0,0.31
3340,0,1,1,0.81
3341,0,1,0,0.92
3342,0,1,0,0.71
3343,0,0,0,0.6
3344,0,0,0,0.24
3345,0,0,0,0.97
3346,0,0,0,0.88
3347,0,1,0,0.79
3348,1,0,0,0.88
3349,0,0,1,0.71
3350,0,0,0,0.42
3351,0,1,1,0.34
3352,0,0,1,0.11
3353,0,1,0,0.54
3354,0,0,1,0.91
3355,0,0,0,0.2
3356,0,1,1,0.03
3357,1,1,1,0.83
3358,0,0,0,0.71
3359,0,1,1,0.59
3360,0,1,0,0.58
3361,0,1,1,0.48
3362,0,0,0,0.23
3363,0,0,0,0.76
3364,0,1,0,0.66
3365,1,1,0,0.58
3366,0,0,1,0.01
3367,0,0,1,0.35
3368,0,0,0,0.04
3369,1,0,1,0.96
3370,0,0,1,0.03
3371,1,0,0,0.13
3372,1,1,1,0.93
3373,1,0,1,0.77
3374,0,0,1,0.32
3375,0,0,0,0.62
3376,0,0,0,0.35
3377,0,1,0,0.69
3378,1,0,0,0.94
3379,1,0,0,0.9
3380,0,0,1,0.6
3381,0,0,0,0.51
3382,0,0,0,0.43
3383,0,0,1,0.82
3384,0,0,0,0.2
3385,0,1,0,0.18
3386,0,0,0,0.91
3387,0,0,0,0.09
3388,0,0,0,0.57
3389,0,0,1,0.89
3390,0,1,1,0.56
3391,0,0,0,0.84
3392,0,0,0,0.18
3393,1,0,1,0.64
3394,1,1,1,0.52
3395,0,0,0,0.65
3396,0,0,1,0.08
3397,0,0,0,0.07
3398,0,0,1,0.41
3399,0,0,0,0.95
3400,1,0,0,0.03
3401,0,0,0,0.06
3402,1,1,0,0.16
3403,1,0,1,0.52
3404,0,0,1,0.83
3405,0,0,0,0.46
3406,1,0,1,0.96
3407,0,1,0,0.0
3408,0,0,0,0.94
3409,1,0,0,0.69
3410,0,0,0,0.91
3411,0,0,0,0.89
3412,0,0,0,0.69
3413,0,0,0,0.78
3414,0,1,0,0.72
3415,0,0,0,0.29
3416,0,0,0,0.11
3417,0,0,1,0.43
3418,0,0,0,0.01
3419,0,1,1,0.68
3420,0,0,0,0.12
3421,0,0,1,0.1
3422,0,0,0,0.83
3423,0,0,0,0.43
3424,0,0,0,0.97
3425,0,0,0,1.0
3426,1,0,1,0.74
3427,1,0,0,0.75
3428,0,0,1,0.67
3429,1,0,0,0.95
3430,0,0,0,0.76
3431,0,1,1,0.24
3432,0,0,0,0.54
3433,0,0,1,0.46
3434,0,0,1,0.04
3435,0,0,0,0.53
3436,0,0,0,0.46
3437,0,1,0,0.16
3438,0,0,0,0.31
3439,0,0,1,0.06
3440,0,0,0,0.4
3441,0,0,0,0.81
3442,1,0,0,0.73
3443,0,0,0,0.93
3444,0,0,0,0.08
3445,0,1,1,0.4
3446,0,0,1,0.72
3447,0,0,0,0.77
3448,0,0,0,0.09
3449,0,1,0,0.38
3450,0,0,0,0.35
3451,0,1,0,0.64
3452,0,0,1,0.88
3453,0,0,0,0.46
3454,0,0,1,0.97
3455,0,0,0,0.84
3456,1,0,0,0.74
3457,0,0,0,0.24
3458,0,0,1,0.09
3459,0,0,1,0.81
3460,1,0,1,0.13
3461,0,0,0,0.13
3462,0,0,1,0.66
3463,0,1,0,0.33
3464,0,0,0,0.9
3465,0,1,0,0.89
3466,0,0,0,0.27
3467,0,0,0,0.35
3468,0,1,1,0.14
3469,0,0,1,0.27
3470,0,1,1,0.84
3471,0,0,0,0.92
3472,0,1,1,0.4
3473,0,0,0,0.71
3474,0,0,0,0.69
3475,0,0,0,0.98
3476,0,0,0,0.49
3477,0,0,0,0.2
3478,0,1,0,0.56
3479,0,1,0,0.91
3480,0,0,0,0.65
3481,0,0,0,0.5
3482,0,0,1,0.24
3483,0,0,0,0.42
3484,0,0,0,0.48
3485,0,0,0,0.13
3486,0,0,1,0.83
3487,0,1,0,0.1
3488,1,0,0,0.89
3489,0,0,0,0.55
3490,0,0,0,0.01
3491,0,0,0,0.67
3492,0,0,1,0.85
3493,1,1,0,0.07
3494,0,1,0,0.12
3495,0,0,0,0.35
3496,0,1,0,0.69
3497,1,1,0,0.31
3498,0,0,1,0.84
3499,0,0,0,0.36
3500,1,0,0,0.24
3501,0,0,1,0.89
3502,0,0,0,0.39
3503,0,0,0,0.87
3504,0,0,0,0.62
3505,0,0,1,0.54
3506,1,1,0,0.58
3507,0,1,1,0.5
3508,0,1,0,0.54
3509,0,1,1,0.29
3510,0,0,0,0.15
3511,0,1,0,0.58
3512,0,0,0,0.52
3513,0,0,0,0.4
3514,0,0,0,0.4
3515,0,0,0,0.69
3516,0,0,0,0.63
3517,0,1,1,0.88
3518,0,0,0,0.41
3519,0,1,0,0.78
3520,0,0,0,0.67
3521,0,0,0,0.95
3522,1,1,1,0.61
3523,1,0,0,0.47
3524,0,1,0,0.8
3525,1,0,0,0.44
3526,0,0,1,0.39
3527,0,0,1,0.62
3528,0,0,0,0.62
3529,0,0,1,0.8
3530,0,0,1,0.9
3531,0,0,0,0.67
3532,0,0,0,0.52
3533,0,1,1,0.75
3534,1,0,1,0.22
3535,0,1,1,0.6
3536,0,0,0,0.07
3537,0,0,1,0.76
3538,0,0,0,0.61
3539,0,0,0,0.83
3540,1,0,0,0.94
3541,1,0,0,0.93
3542,0,0,0,0.51
3543,0,0,0,0.07
3544,0,0,0,0.94
3545,0,1,0,0.91
3546,0,1,0,0.7
3547,0,1,0,0.92
3548,0,0,0,0.42
3549,0,0,0,0.85
3550,0,0,0,0.91
3551,0,0,0,0.48
3552,0,1,0,0.05
3553,0,1,0,0.08
3554,0,0,0,0.84
3555,0,0,1,0.57
3556,0,0,1,0.05
3557,1,1,0,0.9
3558,0,0,0,0.2
3559,0,0,0,0.33
3560,0,1,1,0.71
3561,0,0,0,0.55
3562,0,1,0,0.92
3563,0,0,1,0.46
3564,1,0,1,0.75
3565,0,0,0,0.25
3566,0,0,0,0.29
3567,1,0,0,0.29
3568,0,0,0,0.16
3569,0,0,0,0.93
3570,0,0,0,0.36
3571,0,0,0,0.97
3572,0,0,0,0.7
3573,0,0,1,0.55
3574,1,1,1,0.03
3575,0,0,0,0.76
3576,1,0,0,0.49
3577,0,0,1,0.29
3578,0,0,0,0.96
3579,0,0,1,0.84
3580,0,0,1,0.86
3581,0,1,0,0.67
3582,0,0,0,0.71
3583,0,1,0,0.35
3584,0,0,1,0.25
3585,0,0,0,0.88
3586,0,0,0,0.63
3587,0,1,1,0.58
3588,0,0,1,0.85
3589,0,0,1,0.61
3590,0,0,0,0.19
3591,0,0,0,0.98
3592,0,0,0,0.42
3593,0,1,0,0.35
3594,0,1,1,0.56
3595,0,1,0,0.01
3596,0,0,0,0.57
3597,1,0,1,0.79
3598,0,0,0,0.33
3599,0,0,0,0.63
3600,0,0,1,0.85
3601,0,0,1,0.22
3602,0,1,1,0.64
3603,0,0,0,0.03
3604,0,0,0,0.46
3605,0,0,1,0.5
3606,0,0,1,0.25
3607,0,1,1,0.99
3608,0,0,0,0.96
3609,0,0,0,0.5
3610,0,0,0,0.23
3611,0,1,0,0.16
3612,0,0,0,0.12
3613,0,0,0,0.06
3614,0,0,0,0.81
3615,1,0,0,0.95
3616,0,1,0,0.07
3617,0,1,1,0.42
3618,0,0,1,0.17
3619,0,1,0,0.63
3620,0,0,0,0.48
3621,0,0,1,0.76
3622,0,0,1,0.17
3623,0,0,0,0.48
3624,0,0,0,0.98
3625,0,1,0,0.29
3626,0,0,0,0.3
3627,0,0,0,0.08
3628,0,0,1,0.28
3629,0,0,0,0.36
3630,0,0,1,0.07
3631,0,0,0,0.68
3632,1,0,1,0.15
3633,0,1,0,0.79
3634,0,0,0,0.9
3635,1,1,0,0.34
3636,0,0,0,0.42
3637,0,0,1,0.87
3638,0,0,0,0.42
3639,0,0,1,0.38
3640,0,0,1,0.66
3641,0,0,0,0.76
3642,0,0,1,0.3
3643,0,0,0,0.25
3644,1,0,0,0.78
3645,0,0,1,0.91
3646,0,0,0,0.57
3647,0,0,0,0.45
3648,0,1,0,0.83
3649,0,1,0,0.32
3650,0,0,1,0.31
3651,0,0,0,0.6
3652,1,0,0,0.25
3653,0,0,1,0.58
3654,0,0,1,0.68
3655,1,0,0,0.02
3656,0,0,0,0.19
3657,0,0,0,0.65
3658,0,1,0,0.41
3659,0,0,1,0.17
3660,0,0,0,0.67
3661,0,0,0,0.85
3662,0,0,0,0.44
3663,0,1,1,0.98
3664,0,0,0,0.43
3665,1,0,0,0.65
3666,0,0,0,0.27
3667,0,0,0,0.04
3668,0,0,0,0.53
3669,0,0,0,0.21
3670,1,0,1,0.92
3671,0,0,0,0.43
3672,1,1,1,0.59
3673,0,1,0,0.12
3674,0,0,1,0.24
3675,0,0,0,0.84
3676,1,0,0,0.96
3677,0,0,0,0.4
3678,0,0,0,0.7
3679,1,1,0,0.53
3680,0,0,1,0.89
3681,0,1,0,0.69
3682,0,0,0,0.38
3683,0,1,0,0.16
3684,0,0,1,0.25
3685,0,0,0,0.78
3686,1,0,0,0.07
3687,0,0,0,0.7
3688,0,0,0,0.19
3689,1,0,0,0.02
3690,0,0,1,0.38
3691,1,0,0,0.93
3692,0,0,1,0.83
3693,0,0,0,0.55
3694,1,1,1,0.99
3695,0,0,0,0.13
3696,0,0,0,0.78
3697,0,0,0,0.05
3698,0,0,1,0.11
3699,0,0,0,0.62
3700,0,0,0,0.89
3701,0,1,0,0.17
3702,0,0,0,0.48
3703,0,0,0,0.56
3704,0,0,0,0.99
3705,0,0,0,0.33
3706,1,0,0,0.34
3707,0,0,0,0.87
3708,1,0,0,0.23
3709,0,0,0,0.51
3710,0,0,1,0.72
3711,1,0,0,0.62
3712,0,0,1,0.3
3713,0,0,0,0.15
3714,1,0,0,0.19
3715,0,0,0,0.1
3716,0,0,0,0.78
3717,0,0,1,0.35
3718,1,0,0,0.66
3719,0,0,0,0.57
3720,0,0,0,0.73
3721,0,0,0,0.12
3722,0,1,0,0.84
3723,1,0,0,0.95
3724,0,1,0,0.72
3725,0,0,0,0.36
3726,0,0,0,0.11
3727,0,0,0,0.55
3728,1,0,0,0.39
3729,0,0,0,0.99
3730,0,1,0,0.18
3731,0,1,0,0.4
3732,0,0,0,0.96
3733,0,0,0,0.69
3734,1,0,1,0.83
3735,0,0,1,0.84
3736,0,0,0,0.84
3737,0,0,0,0.05
3738,0,0,0,0.89
3739,0,1,0,0.13
3740,1,0,0,0.58
3741,0,1,0,0.59
3742,0,0,0,0.33
3743,0,0,1,0.4
3744,0,0,0,0.97
3745,0,0,0,0.93
3746,0,0,1,0.6
3747,0,1,0,0.0
3748,0,0,0,0.48
3749,0,0,0,0.76
3750,1,0,0,0.74
3751,0,0,0,0.88
3752,0,0,0,0.31
3753,0,0,0,0.42
3754,0,0,0,0.76
3755,0,1,0,0.53
3756,0,0,0,0.41
3757,0,1,1,0.73
3758,0,0,0,0.75
3759,0,0,0,0.23
3760,0,0,0,0.56
3761,0,1,0,0.37
3762,1,0,0,0.77
3763,0,1,0,0.7
3764,0,0,0,0.07
3765,0,0,0,0.89
3766,1,0,0,0.11
3767,0,0,0,0.37
3768,0,0,0,0.32
3769,0,0,1,0.6
3770,0,1,0,0.28
3771,0,0,0,0.4
3772,0,0,0,0.54
3773,0,0,0,0.77
3774,0,0,0,0.7
3775,0,0,1,0.39
3776,0,0,1,0.03
3777,0,0,0,0.74
3778,0,0,0,0.84
3779,0,0,1,0.9
3780,0,1,1,0.5
3781,1,0,1,0.9
3782,0,0,1,0.25
3783,0,0,0,0.5
3784,0,0,0,0.08
3785,0,0,1,0.02
3786,0,0,0,0.5
3787,0,0,1,0.89
3788,0,0,0,0.43
3789,0,0,0,0.37
3790,0,0,1,0.55
3791,0,0,1,0.55
3792,0,0,0,0.07
3793,0,0,1,0.65
3794,0,0,0,0.45
3795,0,1,0,0.1
3796,0,0,0,0.84
3797,0,0,0,0.79
3798,0,0,0,0.81
3799,1,0,0,0.94
3800,0,1,0,0.1
3801,0,0,1,0.41
3802,0,1,1,0.67
3803,0,0,0,0.53
3804,0,0,0,0.43
3805,0,0,0,0.15
3806,0,0,0,0.84
3807,0,0,1,0.44
3808,0,0,0,0.57
3809,0,0,0,0.54
3810,0,0,1,0.79
3811,0,1,0,0.59
3812,0,0,0,0.58
3813,0,0,0,0.19
3814,0,0,0,0.97
3815,0,0,0,0.38
3816,0,0,0,1.0
3817,1,0,1,0.24
3818,0,0,0,0.74
3819,0,1,1,0.31
3820,0,0,0,0.02
3821,0,0,1,0.2
3822,0,0,1,0.42
3823,0,1,0,0.9
3824,0,0,0,0.42
3825,0,0,0,0.08
3826,1,1,0,0.25
3827,0,0,0,0.67
3828,0,1,1,0.93
3829,1,0,0,0.6
3830,0,0,0,0.55
3831,0,0,0,0.75
3832,0,1,1,0.6
3833,0,0,1,0.73
3834,0,0,0,0.82
3835,0,1,0,0.0
3836,0,0,0,0.55
3837,0,0,0,0.75
3838,0,0,0,0.72
3839,0,0,1,0.13
3840,0,0,1,0.54
3841,0,1,0,0.94
3842,0,0,0,0.32
3843,0,0,1,0.4
3844,0,1,0,0.36
3845,0,0,1,0.66
3846,0,0,1,0.6
3847,0,0,0,0.96
3848,1,1,0,0.72
3849,1,0,0,0.72
3850,0,0,1,0.84
3851,0,0,1,0.21
3852,0,0,1,0.7
3853,1,0,0,0.2
3854,0,0,1,0.98
3855,0,0,0,0.36
3856,0,0,0,0.28
3857,1,0,1,0.77
3858,0,0,0,0.96
3859,0,0,1,0.2
3860,0,0,0,0.35
3861,1,1,0,0.61
3862,0,0,0,0.26
3863,0,1,0,0.3
3864,0,0,1,0.89
3865,0,0,1,0.91
3866,0,0,0,0.87
3867,0,1,0,0.14
3868,0,0,0,0.21
3869,1,1,1,0.94
3870,0,0,1,0.46
3871,0,0,1,0.44
3872,0,0,0,0.86
3873,1,0,0,0.09
3874,0,0,1,0.18
3875,0,0,0,0.42
3876,1,0,1,0.89
3877,1,0,0,0.05
3878,0,0,0,0.46
3879,0,0,0,0.04
3880,0,0,0,0.3
3881,1,1,1,0.84
3882,1,0,0,0.34
3883,0,0,0,0.95
3884,0,0,0,0.11
3885,0,0,0,0.45
3886,0,0,0,0.75
3887,0,0,0,0.4
3888,0,0,0,0.05
3889,1,0,1,0.68
3890,0,0,0,0.34
3891,0,0,0,0.46
3892,0,1,0,0.61
3893,0,0,1,0.45
3894,0,1,1,0.96
3895,0,0,0,0.47
3896,1,0,1,0.57
3897,0,0,0,0.8
3898,0,0,0,0.18
3899,0,0,1,0.77
3900,0,0,0,0.7
3901,0,0,0,0.34
3902,1,0,0,0.79
3903,0,0,1,0.96
3904,0,0,1,0.48
3905,0,0,0,0.9
3906,1,0,0,0.93
3907,0,0,0,0.28
3908,0,1,0,0.27
3909,0,0,0,0.91
3910,0,1,0,0.7
3911,0,0,0,0.65
3912,0,0,1,0.55
3913,0,0,1,0.26
3914,0,0,0,0.39
3915,0,0,0,0.77
3916,0,0,0,0.22
3917,0,0,0,0.11
3918,0,0,0,0.27
3919,0,0,0,0.6
3920,0,0,0,0.33
3921,0,0,1,0.41
3922,0,0,1,0.48
3923,0,0,0,0.73
3924,0,0,1,0.16
3925,0,1,1,0.12
3926,1,0,1,0.26
3927,0,0,1,0.43
3928,0,0,1,0.61
3929,0,0,0,0.58
3930,1,1,0,0.32
3931,0,0,0,0.09
3932,0,0,0,0.82
3933,0,1,0,0.16
3934,0,1,0,0.42
3935,0,0,1,0.27
3936,0,0,0,0.64
3937,1,0,1,0.94
3938,0,0,1,0.13
3939,0,0,1,0.16
3940,0,0,0,0.26
3941,0,0,0,0.45
3942,0,0,0,0.52
3943,0,0,1,0.88
3944,0,0,1,0.45
3945,0,0,0,0.45
3946,0,0,0,0.05
3947,0,0,0,0.07
3948,0,0,0,0.69
3949,0,0,0,0.92
3950,0,0,0,0.32
3951,0,0,0,0.74
3952,1,0,1,0.15
3953,0,1,0,0.55
3954,0,0,0,0.09
3955,0,0,0,0.64
3956,0,0,0,0.27
3957,1,0,1,0.76
3958,1,0,1,0.11
3959,0,0,0,0.15
3960,0,0,1,0.39
3961,0,0,0,0.06
3962,0,0,0,0.13
3963,0,0,0,0.25
3964,0,0,0,0.57
3965,0,0,0,0.9
3966,0,0,0,0.34
3967,0,0,0,0.96
3968,1,1,0,0.34
3969,0,0,0,0.99
3970,0,0,0,0.04
3971,0,0,0,0.76
3972,0,0,0,0.78
3973,1,0,1,0.08
3974,0,1,1,0.28
3975,0,0,0,0.53
3976,0,0,1,0.86
3977,0,0,0,0.17
3978,0,1,0,0.55
3979,0,0,0,0.31
3980,0,1,1,0.25
3981,0,0,1,0.15
3982,1,0,1,0.83
3983,1,1,0,0.78
3984,0,1,0,0.41
3985,0,0,1,0.29
3986,0,0,1,0.69
3987,1,0,0,0.38
3988,0,0,0,0.41
3989,0,0,0,0.26
3990,0,0,0,0.37
3991,0,1,0,0.27
3992,0,0,0,0.13
3993,0,0,0,0.16
3994,0,0,1,0.19
3995,0,0,0,0.95
3996,0,0,1,0.32
3997,0,0,0,0.87
3998,0,0,1,0.87
3999,0,0,0,0.84
4000,0,1,1,0.8
4001,0,0,1,0.98
4002,1,1,0,0.12
4003,1,0,0,0.76
4004,0,0,0,0.82
4005,1,0,1,0.51
4006,0,1,0,0.69
4007,0,0,0,0.53
4008,1,0,1,0.27
4009,0,1,0,0.68
4010,0,0,0,0.66
4011,0,0,0,0.36
4012,0,0,0,0.5
4013,0,0,0,0.88
4014,0,1,0,0.22
4015,0,1,0,0.86
4016,0,1,0,0.68
4017,0,0,1,0.99
4018,0,0,1,0.73
4019,0,1,0,0.55
4020,0,0,1,0.91
4021,0,1,0,0.27
4022,1,0,0,0.88
4023,0,0,0,0.99
4024,1,0,1,0.74
4025,0,0,0,0.07
4026,0,0,1,0.29
4027,0,0,0,0.88
4028,0,1,1,0.82
4029,0,1,0,0.93
4030,0,0,1,0.51
4031,0,0,0,0.36
4032,0,0,0,0.66
4033,0,0,0,0.86
4034,1,1,0,0.03
4035,0,1,0,0.37
4036,0,0,1,0.51
4037,0,0,0,0.21
4038,0,0,1,0.46
4039,1,0,1,0.13
4040,0,0,0,0.48
4041,0,0,0,0.73
4042,1,1,0,0.16
4043,0,0,0,0.98
4044,1,0,1,0.22
4045,0,0,0,0.82
4046,1,0,1,0.41
4047,0,0,1,0.76
4048,1,0,0,0.3
4049,0,0,0,0.18
4050,0,0,0,0.79
4051,0,0,1,0.11
4052,0,0,0,0.71
4053,0,0,0,0.64
4054,0,0,1,0.52
4055,1,0,0,0.77
4056,1,1,0,0.63
4057,0,0,1,0.86
4058,0,1,1,0.53
4059,0,0,0,0.77
4060,0,0,0,0.21
4061,0,0,1,0.35
4062,1,0,0,0.22
4063,0,0,0,0.35
4064,0,0,0,0.28
4065,1,0,0,0.35
4066,0,0,0,0.72
4067,0,0,0,0.81
4068,0,0,1,0.95
4069,0,0,0,0.03
4070,0,0,0,0.6
4071,0,0,0,0.41
4072,0,0,1,0.37
4073,0,0,0,0.4
4074,0,0,0,0.57
4075,0,1,0,0.86
4076,0,0,0,0.22
4077,1,0,0,0.64
4078,0,0,0,0.74
4079,1,1,0,0.84
4080,1,0,0,0.29
4081,0,1,1,0.9
4082,0,1,1,0.58
4083,0,1,1,0.04
4084,0,1,0,0.11
4085,0,0,0,0.79
4086,0,0,1,0.89
4087,1,0,1,0.34
4088,0,1,0,0.34
4089,0,0,0,0.03
4090,0,0,0,0.14
4091,0,0,1,0.48
4092,0,0,0,0.82
4093,0,0,0,0.68
4094,0,0,0,0.36
4095,0,1,0,0.65
4096,0,0,0,0.63
4097,1,1,0,0.01
4098,0,0,0,0.46
4099,1,0,0,0.45
4100,0,0,0,0.48
4101,1,1,0,0.18
4102,0,1,1,0.54
4103,0,1,0,0.56
4104,0,0,0,0.2
4105,0,0,1,0.04
4106,1,1,0,0.33
4107,0,0,0,0.48
4108,0,0,1,0.56
4109,0,0,0,0.16
4110,0,0,0,0.29
4111,0,0,1,0.02
4112,0,0,0,0.95
4113,0,0,0,0.12
4114,0,0,0,0.2
4115,0,0,0,0.97
4116,0,0,1,0.91
4117,0,0,1,0.7
4118,0,0,0,0.79
4119,0,0,0,0.33
4120,0,1,1,0.72
4121,0,0,1,0.81
4122,0,0,1,0.48
4123,0,1,0,0.86
4124,0,0,0,0.5
4125,0,0,1,0.45
4126,1,0,0,0.91
4127,1,0,1,0.45
4128,1,0,0,0.8
4129,1,0,0,0.83
4130,0,0,0,0.72
4131,1,0,1,0.71
4132,0,0,1,0.2
4133,0,1,0,0.87
4134,0,0,0,0.22
4135,0,1,1,0.99
4136,0,0,0,0.62
4137,0,1,1,0.45
4138,0,0,1,0.8
4139,0,1,0,0.86
4140,0,1,0,0.74
4141,0,0,0,0.69
4142,0,1,0,0.8
4143,0,0,0,0.33
4144,0,0,1,0.34
4145,0,1,0,0.28
4146,0,1,1,0.35
4147,0,0,0,0.39
4148,0,0,1,0.57
4149,0,0,1,0.23
4150,1,0,0,0.78
4151,1,0,0,0.22
4152,0,0,0,0.01
4153,0,0,0,0.61
4154,0,0,1,0.94
4155,0,0,0,0.8
4156,1,0,0,0.77
4157,0,1,0,0.97
4158,0,1,1,0.87
4159,0,0,0,0.37
4160,1,0,0,0.5
4161,0,0,0,0.0
4162,0,0,0,0.84
4163,0,0,0,0.77
4164,0,1,0,0.01
4165,0,1,0,0.53
4166,0,0,1,0.94
4167,0,0,0,0.9
4168,0,0,0,0.33
4169,0,1,1,0.92
4170,0,0,0,0.2
4171,0,0,0,0.65
4172,0,1,0,0.22
4173,0,0,1,0.24
4174,0,0,0,0.62
4175,0,0,1,0.62
4176,0,0,0,0.97
4177,0,0,0,0.14
4178,0,1,0,0.48
4179,0,0,0,0.33
4180,0,0,1,0.63
4181,0,0,0,0.73
4182,0,0,0,0.0
4183,0,0,0,0.23
4184,0,1,1,0.99
4185,0,0,0,0.48
4186,0,0,0,0.12
4187,0,0,0,0.02
4188,0,1,0,0.87
4189,0,0,1,0.02
4190,0,1,0,0.65
4191,0,1,1,0.68
4192,0,0,0,0.96
4193,1,0,0,0.45
4194,0,1,0,0.88
4195,0,1,0,0.41
4196,1,0,1,0.04
4197,0,0,0,0.46
4198,0,1,1,0.85
4199,1,0,0,0.76
4200,0,0,0,0.61
4201,0,0,0,0.23
4202,1,0,0,0.95
4203,0,0,0,0.12
4204,0,0,0,0.79
4205,0,0,1,0.8
4206,0,1,1,0.55
4207,0,0,0,0.98
4208,0,0,1,0.83
4209,0,0,1,0.32
4210,0,0,0,0.67
4211,0,0,1,0.8
4212,0,0,0,0.99
4213,0,0,0,0.59
4214,0,1,0,0.94
4215,0,0,0,0.41
4216,1,1,1,0.57
4217,0,0,1,0.18
4218,0,0,0,0.74
4219,0,0,0,0.78
4220,0,0,0,0.99
4221,0,0,0,0.43
4222,0,1,0,0.86
4223,0,0,0,0.83
4224,0,0,0,0.97
4225,0,1,1,0.52
4226,0,0,1,0.75
4227,1,0,1,0.57
4228,1,0,1,0.42
4229,0,0,1,0.69
4230,0,0,1,0.26
4231,0,0,1,0.74
4232,0,0,0,0.49
4233,0,0,0,0.82
4234,0,0,0,0.04
4235,0,0,1,0.48
4236,0,0,0,0.25
4237,0,0,0,0.18
4238,0,0,1,0.16
4239,0,0,1,0.54
4240,0,1,1,0.11
4241,0,1,0,0.22
4242,0,0,1,0.63
4243,0,0,1,0.47
4244,0,0,0,0.32
4245,0,0,0,0.02
4246,0,0,0,0.63
4247,0,0,0,0.62
4248,0,0,0,0.48
4249,0,0,0,0.98
4250,0,0,0,0.23
4251,0,0,0,0.14
4252,0,0,1,0.45
4253,0,0,0,0.17
4254,1,0,0,0.75
4255,0,1,0,0.14
4256,0,0,0,0.32
4257,0,0,0,0.11
4258,0,0,1,0.93
4259,0,0,0,1.0
4260,1,0,1,0.76
4261,0,0,0,0.07
4262,1,0,0,0.12
4263,0,0,0,0.79
4264,0,0,0,0.91
4265,1,0,0,0.99
4266,0,0,1,0.5
4267,1,0,0,0.91
4268,0,0,1,0.6
4269,0,0,0,0.98
4270,0,0,0,0.6
4271,0,1,0,0.83
4272,0,0,0,0.12
4273,0,0,0,0.56
4274,1,0,0,0.65
4275,0,0,0,0.14
4276,1,0,1,0.39
4277,0,0,1,0.58
4278,0,0,0,0.4
4279,1,0,0,0.42
4280,0,0,0,0.05
4281,0,0,0,0.74
4282,0,0,0,0.52
4283,0,0,1,0.69
4284,0,0,0,0.6
4285,0,1,1,0.24
4286,0,0,1,0.1
4287,1,1,0,0.65
4288,0,0,0,0.53
4289,0,0,0,0.87
4290,0,1,1,0.25
4291,0,0,0,0.09
4292,0,0,1,0.93
4293,0,0,0,0.07
4294,0,1,0,0.59
4295,0,1,0,0.89
4296,0,1,0,0.1
4297,0,1,0,0.54
4298,0,0,0,0.48
4299,0,0,0,0.24
4300,0,0,1,0.15
4301,0,0,1,0.95
4302,0,0,1,0.5
4303,0,0,0,0.15
4304,0,0,1,0.52
4305,0,1,0,0.73
4306,1,0,0,0.76
4307,0,0,1,0.24
4308,0,1,0,0.46
4309,1,0,0,0.4
4310,0,0,0,0.52
4311,0,0,0,0.91
4312,0,1,0,0.67
4313,0,0,0,0.01
4314,1,0,0,0.68
4315,1,0,0,0.54
4316,0,1,0,0.28
4317,1,0,0,0.7
4318,1,0,0,0.56
4319,0,0,0,0.02
4320,0,0,0,0.96
4321,1,0,1,0.9
4322,0,0,1,0.0
4323,0,0,0,0.69
4324,0,1,0,0.01
4325,0,0,1,0.28
4326,0,0,0,0.06
4327,0,0,1,0.77
4328,0,1,1,0.12
4329,1,1,1,0.65
4330,0,1,0,0.17
4331,0,0,0,0.03
4332,0,0,0,0.66
4333,0,0,0,0.45
4334,0,1,1,0.21
4335,0,1,0,0.32
4336,0,0,0,0.04
4337,0,0,0,0.65
4338,0,0,0,0.59
4339,0,1,0,0.95
4340,0,0,0,0.06
4341,0,1,0,0.06
4342,0,0,0,0.12
4343,0,1,0,0.11
4344,0,0,0,0.8
4345,0,0,0,0.71
4346,0,0,0,0.47
4347,0,0,0,0.32
4348,0,0,1,0.25
4349,0,0,0,0.01
4350,0,1,1,0.38
4351,0,1,0,0.95
4352,0,0,0,0.03
4353,0,1,0,0.18
4354,0,1,0,0.57
4355,0,1,0,0.37
4356,0,0,0,0.48
4357,0,1,0,0.13
4358,0,1,1,0.17
4359,0,0,1,0.1
4360,0,0,1,0.86
4361,0,1,0,0.66
4362,1,0,0,0.98
4363,0,1,1,0.26
4364,0,0,0,0.45
4365,0,1,0,0.48
4366,1,0,0,0.88
4367,0,0,0,0.16
4368,0,0,0,0.82
4369,0,0,0,0.74
4370,0,1,0,0.11
4371,0,0,1,0.98
4372,0,0,1,0.9
4373,0,1,1,0.56
4374,0,0,0,0.44
4375,0,0,0,0.91
4376,0,0,0,1.0
4377,0,0,0,0.31
4378,1,0,1,0.01
4379,0,0,1,0.94
4380,0,0,0,0.46
4381,0,0,0,0.61
4382,0,1,1,0.89
4383,0,0,1,0.31
4384,0,0,0,0.75
4385,0,0,0,0.49
4386,0,0,0,0.03
4387,0,1,1,0.5
4388,0,1,0,0.28
4389,0,0,1,0.78
4390,1,0,0,0.79
4391,0,0,1,0.47
4392,0,0,1,0.8
4393,0,0,0,0.12
4394,0,0,0,0.1
4395,0,1,0,0.11
4396,1,1,0,0.34
4397,0,1,1,0.74
4398,1,0,0,0.19
4399,0,1,1,0.22
4400,0,0,0,0.85
4401,0,0,0,0.56
4402,0,0,0,0.58
4403,0,0,0,0.15
4404,1,0,0,0.84
4405,0,0,1,0.45
4406,0,0,0,0.01
4407,0,1,0,0.33
4408,1,0,0,0.83
4409,0,0,1,0.22
4410,0,0,1,0.55
4411,0,0,0,0.81
4412,0,1,0,0.19
4413,0,0,0,0.92
4414,1,0,0,0.94
4415,0,0,1,0.74
4416,0,1,0,0.48
4417,0,0,0,0.71
4418,0,0,0,0.93
4419,1,0,0,0.1
4420,0,0,0,0.89
4421,0,0,0,0.88
4422,0,0,0,0.36
4423,1,0,0,0.83
4424,0,0,0,0.12
4425,1,0,1,0.9
4426,0,1,0,0.89
4427,0,0,1,0.91
4428,0,0,1,0.79
4429,0,0,0,0.41
4430,0,1,0,0.24
4431,0,0,0,0.44
4432,1,0,1,0.18
4433,0,0,1,0.34
4434,0,0,0,0.2
4435,0,0,1,0.97
4436,0,0,0,0.76
4437,1,0,1,0.27
4438,0,0,0,0.07
4439,0,0,0,0.22
4440,0,1,0,0.07
4441,0,0,0,0.09
4442,0,1,1,0.86
4443,1,0,1,0.5
4444,0,1,1,0.96
4445,0,0,0,0.46
4446,1,1,0,0.23
4447,0,0,0,0.26
4448,0,0,1,0.26
4449,0,0,0,0.96
4450,0,1,0,0.69
4451,0,1,0,0.51
4452,1,0,1,0.95
4453,0,0,0,0.83
4454,0,0,0,0.76
4455,0,0,1,0.84
4456,0,0,0,0.75
4457,0,0,0,0.11
4458,1,0,0,0.39
4459,0,0,0,0.95
4460,0,0,1,0.51
4461,0,1,0,0.98
4462,0,0,0,0.23
4463,1,0,0,0.14
4464,1,1,0,0.17
4465,0,0,0,0.82
4466,0,0,0,0.02
4467,0,0,0,0.52
4468,0,1,1,0.67
4469,0,0,0,0.78
4470,0,0,0,0.34
4471,0,0,0,0.79
4472,0,0,0,0.54
4473,0,0,1,0.7
4474,0,0,1,0.93
4475,0,0,0,0.86
4476,0,0,1,0.97
4477,0,0,1,0.58
4478,1,0,0,0.58
4479,0,1,0,0.66
4480,0,0,1,0.81
4481,1,0,0,0.71
4482,0,0,0,0.59
4483,0,0,0,0.25
4484,0,0,0,0.53
4485,0,0,0,0.31
4486,1,1,0,0.45
4487,0,1,0,0.14
4488,0,0,0,0.0
4489,0,0,0,0.02
4490,0,0,1,0.58
4491,0,0,0,0.16
4492,0,0,1,0.81
4493,0,1,0,0.33
4494,0,0,0,0.17
4495,0,0,1,0.68
4496,0,1,0,0.69
4497,0,0,0,0.5
4498,1,0,0,0.88
4499,0,0,1,0.53
4500,0,0,0,0.01
4501,0,0,0,0.55
4502,0,0,1,0.75
4503,0,0,0,0.82
4504,0,0,0,0.67
4505,0,0,1,0.27
4506,0,0,0,0.21
4507,0,0,1,0.39
4508,1,0,1,0.98
4509,0,0,0,0.53
4510,0,1,1,0.99
4511,0,0,0,0.05
4512,0,0,0,0.11
4513,0,0,0,0.55
4514,0,1,0,0.67
4515,0,1,1,0.26
4516,1,0,1,0.28
4517,0,1,0,0.92
4518,0,0,0,0.35
4519,1,0,0,0.57
4520,0,1,0,0.42
4521,0,0,0,0.81
4522,0,0,0,0.72
4523,0,0,0,1.0
4524,0,0,0,0.13
4525,0,0,0,0.78
4526,0,0,0,0.43
4527,0,0,0,0.19
4528,0,0,1,0.9
4529,0,1,0,0.96
4530,1,1,0,0.58
4531,0,0,1,0.85
4532,1,0,0,0.51
4533,0,0,0,0.08
4534,0,0,0,0.44
4535,0,0,1,0.95
4536,0,0,1,0.04
4537,0,0,0,0.49
4538,1,0,0,0.2
4539,0,0,0,0.88
4540,0,0,0,0.03
4541,0,0,0,0.55
4542,1,0,0,0.7
4543,0,0,0,0.5
4544,0,1,1,0.06
4545,0,1,1,0.52
4546,1,0,0,0.77
4547,0,0,0,0.06
4548,0,0,0,0.32
4549,0,0,0,0.63
4550,0,0,0,0.89
4551,0,1,0,0.1
4552,0,0,0,0.42
4553,1,0,1,0.07
4554,0,1,0,0.55
4555,0,0,1,0.63
4556,0,0,0,0.43
4557,0,0,0,0.71
4558,0,0,0,0.55
4559,0,0,0,0.42
4560,0,0,0,0.76
4561,0,0,0,0.37
4562,0,0,1,0.47
4563,0,1,0,0.84
4564,1,0,0,0.81
4565,0,0,1,0.65
4566,0,0,0,0.91
4567,0,1,0,0.04
4568,0,0,0,0.19
4569,0,1,0,0.24
4570,1,1,1,0.09
4571,0,0,0,0.43
4572,0,0,1,0.03
4573,0,1,1,0.19
4574,0,0,0,0.05
4575,0,0,1,0.33
4576,0,1,0,0.34
4577,0,0,0,0.53
4578,0,0,1,0.28
4579,0,0,0,0.72
4580,0,0,0,0.33
4581,0,0,1,0.04
4582,0,1,0,0.21
4583,0,0,0,0.13
4584,0,0,0,0.02
4585,0,1,1,0.83
4586,0,0,0,0.33
4587,0,1,0,0.97
4588,0,0,1,0.09
4589,0,0,0,0.72
4590,0,1,0,0.15
4591,0,1,1,0.37
4592,0,0,0,0.86
4593,1,0,0,0.85
4594,0,1,0,0.66
4595,0,0,0,0.24
4596,0,0,0,0.25
4597,0,0,0,0.95
4598,0,0,0,0.51
4599,1,0,0,0.22
4600,0,0,0,0.2
4601,0,0,1,0.03
4602,0,0,0,0.93
4603,0,0,0,0.61
4604,0,0,1,0.95
4605,0,0,0,0.71
4606,0,0,0,0.99
4607,0,0,0,0.89
4608,0,0,0,0.38
4609,0,0,1,0.56
4610,0,0,0,0.19
4611,0,1,0,0.33
4612,0,1,1,0.77
4613,0,0,0,0.85
4614,0,1,0,0.71
4615,0,1,0,0.57
4616,0,0,1,0.09
4617,0,0,1,0.3
4618,0,1,1,0.81
4619,0,0,0,0.25
4620,0,0,0,0.29
4621,0,0,0,0.8
4622,0,0,0,0.47
4623,0,0,0,0.58
4624,0,0,0,0.9
4625,1,0,1,0.42
4626,0,0,1,0.06
4627,0,1,1,0.7
4628,0,0,0,0.97
4629,0,0,0,0.84
4630,1,0,0,0.31
4631,0,1,1,0.05
4632,0,1,0,0.8
4633,0,0,0,0.81
4634,0,0,1,0.81
4635,0,0,0,0.5
4636,0,1,0,0.97
4637,0,0,0,0.99
4638,0,0,0,0.95
4639,1,0,0,0.83
4640,1,1,1,0.58
4641,0,1,1,0.59
4642,0,0,1,0.23
4643,0,0,1,0.13
4644,0,0,1,0.1
4645,0,0,1,0.94
4646,0,0,0,0.23
4647,0,0,0,0.44
4648,0,0,0,0.44
4649,0,0,0,0.05
4650,0,0,1,0.76
4651,0,0,0,0.58
4652,0,0,0,0.58
4653,0,0,0,0.99
4654,0,0,0,0.36
4655,0,1,0,0.86
4656,1,0,0,0.56
4657,0,0,1,1.0
4658,0,0,0,0.57
4659,0,0,0,0.07
4660,0,1,0,0.13
4661,0,0,0,0.94
4662,0,0,0,0.91
4663,1,1,1,0.08
4664,0,0,1,0.71
4665,0,0,0,0.55
4666,1,1,0,0.28
4667,0,0,0,0.54
4668,0,0,1,0.21
4669,1,0,0,0.09
4670,0,0,1,0.58
4671,0,0,0,0.02
4672,0,0,0,0.46
4673,0,0,1,0.72
4674,0,0,0,0.51
4675,1,0,0,0.1
4676,0,0,0,0.68
4677,0,0,0,0.27
4678,0,0,0,0.32
4679,0,0,0,0.35
4680,0,0,0,0.99
4681,1,0,1,0.67
4682,0,0,0,0.58
4683,0,0,1,0.84
4684,1,1,1,0.09
4685,0,0,0,0.99
4686,0,0,1,0.29
4687,0,0,0,0.41
4688,1,0,0,0.81
4689,0,0,0,0.16
4690,0,0,0,0.47
4691,1,1,1,0.65
4692,1,0,0,0.55
4693,0,0,1,0.15
4694,0,0,0,0.44
4695,0,0,0,0.3
4696,1,0,0,0.68
4697,0,0,0,0.06
4698,0,0,0,0.15
4699,0,0,0,0.06
4700,1,0,0,0.94
4701,0,1,0,0.79
4702,0,0,1,0.07
4703,0,1,0,0.26
4704,0,0,0,0.71
4705,0,0,0,0.71
4706,0,0,1,0.68
4707,0,0,1,0.04
4708,0,0,0,0.97
4709,1,0,0,0.18
4710,0,0,1,0.77
4711,0,0,0,0.89
4712,1,1,0,0.07
4713,0,0,0,0.85
4714,0,1,0,0.05
4715,0,0,1,0.15
4716,0,0,0,0.04
4717,0,0,0,0.04
4718,1,0,0,0.51
4719,0,1,0,0.77
4720,0,0,1,0.34
4721,0,0,1,0.61
4722,0,1,1,0.94
4723,0,1,0,0.57
4724,0,1,0,0.14
4725,0,0,1,0.76
4726,1,1,0,0.47
4727,0,0,1,0.06
4728,0,0,1,0.66
4729,0,0,0,0.21
4730,0,1,1,0.36
4731,1,0,0,0.44
4732,0,0,1,0.23
4733,1,0,1,0.35
4734,0,1,0,0.32
4735,0,0,1,0.25
4736,1,0,0,0.61
4737,0,0,0,0.64
4738,0,0,0,0.93
4739,0,0,0,0.41
4740,0,0,0,0.31
4741,0,1,0,0.78
4742,0,0,0,0.71
4743,0,0,0,0.48
4744,0,1,1,0.22
4745,0,0,0,0.65
4746,0,0,0,0.8
4747,0,0,0,0.35
4748,0,0,0,0.93
4749,0,0,1,0.48
4750,1,0,0,0.74
4751,0,1,0,0.34
4752,1,1,0,0.49
4753,0,0,1,0.93
4754,0,1,0,0.33
4755,0,0,1,0.45
4756,0,1,0,0.38
4757,0,0,0,0.67
4758,1,0,1,0.41
4759,0,0,0,0.13
4760,0,0,1,0.44
4761,0,0,1,0.32
4762,0,0,1,0.42
4763,0,0,0,0.23
4764,0,0,0,0.56
4765,0,0,1,0.25
4766,0,0,1,0.02
4767,0,0,0,0.65
4768,1,0,0,0.63
4769,0,0,0,0.31
4770,0,0,0,0.86
4771,0,0,0,0.17
4772,0,0,1,0.91
4773,0,1,0,0.45
4774,0,1,1,0.74
4775,1,0,1,0.56
4776,0,0,1,0.23
4777,0,0,0,0.76
4778,0,1,1,0.02
4779,0,0,0,0.9
4780,0,0,0,0.72
4781,0,0,0,0.98
4782,0,0,0,0.04
4783,1,0,0,0.67
4784,0,0,0,0.91
4785,0,0,0,0.95
4786,0,0,0,0.95
4787,0,0,0,0.96
4788,0,0,0,0.06
4789,0,1,1,0.37
4790,0,1,0,0.59
4791,0,0,0,0.5
4792,0,0,0,0.57
4793,1,0,0,0.36
4794,0,0,1,0.36
4795,0,1,1,0.83
4796,0,0,0,0.01
4797,0,1,0,0.59
4798,1,0,1,0.6
4799,0,0,0,0.26
4800,0,0,0,0.58
4801,0,0,0,0.58
4802,0,0,0,0.97
4803,0,0,0,0.1
4804,0,1,0,0.18
4805,0,0,0,0.23
4806,0,1,1,0.49
4807,0,1,0,0.98
4808,0,1,1,0.2
4809,0,0,0,0.59
4810,0,0,0,0.52
4811,0,0,1,0.58
4812,0,0,0,0.63
4813,0,0,1,0.7
4814,0,0,0,0.01
4815,1,1,0,0.81
4816,0,1,1,0.82
4817,1,0,1,0.33
4818,1,1,0,0.35
4819,0,0,0,0.63
4820,0,0,0,0.38
4821,0,0,0,0.29
4822,0,1,0,0.39
4823,0,1,1,0.25
4824,0,0,0,0.73
4825,0,1,0,0.79
4826,0,0,0,0.84
4827,0,0,1,0.82
4828,0,1,1,0.89
4829,0,0,0,0.16
4830,1,0,0,0.55
4831,0,0,0,0.32
4832,0,1,0,0.44
4833,0,0,0,0.03
4834,1,0,0,0.46
4835,0,0,0,0.42
4836,0,0,0,0.76
4837,0,0,0,0.7
4838,0,0,0,0.33
4839,0,0,0,0.07
4840,0,0,1,0.94
4841,0,1,1,0.89
4842,0,0,1,0.49
4843,1,1,1,0.33
4844,0,0,0,0.93
4845,1,1,0,0.53
4846,0,0,1,0.03
4847,0,1,0,0.4
4848,0,0,0,0.73
4849,0,0,1,0.43
4850,0,0,1,0.85
4851,0,0,0,0.31
4852,0,1,1,0.67
4853,0,1,0,0.84
4854,0,0,0,0.66
4855,0,0,0,0.72
4856,0,0,0,0.82
4857,0,1,0,0.85
4858,1,0,0,0.7
4859,0,0,0,0.61
4860,0,0,1,0.54
4861,0,0,0,0.66
4862,0,0,0,0.31
4863,1,0,0,0.14
4864,0,0,0,0.54
4865,0,1,0,0.17
4866,0,1,0,0.97
4867,1,1,1,0.15
4868,0,0,1,0.41
4869,0,1,0,0.74
4870,0,0,0,0.25
4871,1,0,0,0.13
4872,1,0,0,0.23
4873,0,0,1,0.47
4874,0,1,0,0.14
4875,0,0,0,0.64
4876,0,0,0,0.4
4877,1,0,0,0.22
4878,0,0,0,0.86
4879,1,0,0,0.75
4880,0,0,0,0.45
4881,1,0,1,0.57
4882,0,1,0,0.32
4883,0,1,0,0.94
4884,0,0,0,0.1
4885,1,1,0,0.97
4886,0,0,0,0.4
4887,0,0,0,0.98
4888,0,0,0,0.64
4889,0,0,0,0.4
4890,0,0,0,0.47
4891,1,0,1,0.95
4892,0,0,1,0.87
4893,0,0,0,0.9
4894,0,0,0,0.22
4895,1,0,0,0.17
4896,1,0,0,0.25
4897,0,1,1,0.98
4898,0,1,0,0.51
4899,0,0,0,0.89
4900,1,0,0,0.83
4901,0,1,1,0.81
4902,1,1,1,0.88
4903,0,0,0,0.94
4904,1,0,0,0.94
4905,0,0,0,0.95
4906,0,0,0,0.48
4907,0,0,0,0.74
4908,0,0,1,0.47
4909,0,0,0,0.21
4910,0,0,0,0.8
4911,0,1,0,0.18
4912,0,0,1,0.97
4913,0,1,0,0.42
4914,0,0,1,0.5
4915,0,0,0,0.81
4916,0,0,0,0.25
4917,0,0,1,0.54
4918,0,0,0,0.31
4919,0,0,0,0.79
4920,0,0,1,0.12
4921,0,0,0,0.99
4922,0,0,0,0.37
4923,0,0,0,0.31
4924,0,0,1,0.75
4925,0,0,0,0.26
4926,0,0,0,0.27
4927,0,1,0,0.41
4928,0,0,0,0.94
4929,0,0,1,0.61
4930,0,1,0,0.48
4931,0,0,1,0.06
4932,0,1,0,0.14
4933,0,0,1,0.78
4934,0,1,1,0.48
4935,0,0,0,0.84
4936,0,0,0,0.32
4937,0,0,1,0.03
4938,0,0,0,0.46
4939,0,0,1,0.54
4940,0,0,1,0.6
4941,0,0,0,0.42
4942,0,0,0,0.96
4943,0,0,1,0.41
4944,0,1,0,0.53
4945,0,0,0,0.5
4946,0,0,1,0.69
4947,1,0,1,0.46
4948,0,0,0,0.94
4949,1,0,0,0.95
4950,0,0,0,0.0
4951,0,0,0,0.34
4952,1,0,1,0.84
4953,1,0,0,0.42
4954,0,0,0,0.19
4955,0,0,1,0.97
4956,0,0,0,0.72
4957,0,0,0,0.9
4958,0,0,0,0.52
4959,1,0,0,0.71
4960,0,0,0,0.09
4961,1,0,1,0.23
4962,0,0,0,0.57
4963,0,1,1,0.0
4964,0,0,0,0.23
4965,1,1,0,0.18
4966,0,0,0,0.72
4967,0,0,0,0.41
4968,0,1,0,0.42
4969,0,0,0,0.24
4970,0,1,0,0.33
4971,0,0,0,0.77
4972,0,0,0,0.91
4973,0,0,0,0.69
4974,0,0,0,0.31
4975,0,0,0,0.31
4976,1,0,0,0.93
4977,1,0,1,0.86
4978,0,0,1,0.03
4979,0,0,0,0.79
4980,0,1,0,0.22
4981,0,0,1,0.37
4982,0,0,0,0.17
4983,1,0,0,0.4
4984,0,0,0,0.8
4985,0,0,0,0.33
4986,0,0,0,0.97
4987,0,0,0,0.01
4988,0,0,0,0.17
4989,0,0,0,0.08
4990,0,1,0,0.2
4991,0,0,0,0.73
4992,0,0,0,0.05
4993,0,0,1,0.44
4994,0,0,1,0.16
4995,0,0,0,0.33
4996,0,0,0,0.71
4997,0,1,0,0.17
4998,0,1,0,0.77
4999,0,0,0,0.73
5000,0,0,0,0.02
