user_id,verification_time,verification_type,attempt_number,success_flag,latency_seconds
10.0,2025-02-07 00:00:00,id,1,0,194
10.0,2025-02-07 05:00:00,id,2,1,173
11.0,2025-02-27 00:00:00,email,1,0,193
11.0,2025-02-27 05:00:00,email,2,0,233
11.0,2025-02-27 10:00:00,email,3,1,254
42.0,2025-02-12 00:00:00,phone,1,1,297
74.0,2025-02-13 00:00:00,email,1,1,168
96.0,2025-01-16 00:00:00,id,1,0,191
96.0,2025-01-16 05:00:00,id,2,0,106
96.0,2025-01-16 10:00:00,id,3,1,55
119.0,2025-01-07 00:00:00,phone,1,0,22
119.0,2025-01-07 05:00:00,phone,2,1,81
141.0,2025-01-14 00:00:00,phone,1,0,151
141.0,2025-01-14 05:00:00,phone,2,0,280
141.0,2025-01-14 10:00:00,phone,3,1,237
149.0,2025-02-20 00:00:00,id,1,1,39
160.0,2025-01-04 00:00:00,id,1,0,243
160.0,2025-01-04 05:00:00,id,2,1,30
162.0,2025-02-28 00:00:00,phone,1,0,47
162.0,2025-02-28 05:00:00,phone,2,0,53
162.0,2025-02-28 10:00:00,phone,3,1,148
163.0,2025-01-07 00:00:00,phone,1,0,262
163.0,2025-01-07 05:00:00,phone,2,0,211
163.0,2025-01-07 10:00:00,phone,3,1,81
191.0,2025-02-23 00:00:00,id,1,0,283
191.0,2025-02-23 05:00:00,id,2,1,22
224.0,2025-01-06 00:00:00,id,1,1,29
232.0,2025-01-12 00:00:00,id,1,0,143
232.0,2025-01-12 05:00:00,id,2,0,283
232.0,2025-01-12 10:00:00,id,3,1,139
242.0,2025-01-07 00:00:00,id,1,0,97
242.0,2025-01-07 05:00:00,id,2,0,242
242.0,2025-01-07 10:00:00,id,3,1,176
243.0,2025-02-03 00:00:00,email,1,0,14
243.0,2025-02-03 05:00:00,email,2,1,66
252.0,2025-02-17 00:00:00,email,1,0,78
252.0,2025-02-17 05:00:00,email,2,0,134
252.0,2025-02-17 10:00:00,email,3,1,273
271.0,2025-01-22 00:00:00,email,1,1,243
274.0,2025-01-08 00:00:00,id,1,1,114
279.0,2025-01-15 00:00:00,id,1,0,43
279.0,2025-01-15 05:00:00,id,2,0,62
279.0,2025-01-15 10:00:00,id,3,1,25
280.0,2025-01-15 00:00:00,phone,1,0,23
280.0,2025-01-15 05:00:00,phone,2,0,203
280.0,2025-01-15 10:00:00,phone,3,1,229
296.0,2025-01-22 00:00:00,email,1,1,207
319.0,2025-02-16 00:00:00,email,1,1,162
331.0,2025-01-30 00:00:00,phone,1,1,143
400.0,2025-01-13 00:00:00,email,1,0,107
400.0,2025-01-13 05:00:00,email,2,0,53
400.0,2025-01-13 10:00:00,email,3,1,113
413.0,2025-01-31 00:00:00,id,1,0,271
413.0,2025-01-31 05:00:00,id,2,0,124
413.0,2025-01-31 10:00:00,id,3,1,294
426.0,2025-02-15 00:00:00,email,1,0,175
426.0,2025-02-15 05:00:00,email,2,1,81
428.0,2025-02-17 00:00:00,id,1,0,223
428.0,2025-02-17 05:00:00,id,2,0,129
428.0,2025-02-17 10:00:00,id,3,1,143
437.0,2025-02-03 00:00:00,id,1,0,95
437.0,2025-02-03 05:00:00,id,2,0,108
437.0,2025-02-03 10:00:00,id,3,1,234
443.0,2025-02-16 00:00:00,phone,1,0,172
443.0,2025-02-16 05:00:00,phone,2,0,46
443.0,2025-02-16 10:00:00,phone,3,1,218
449.0,2025-02-26 00:00:00,email,1,0,21
449.0,2025-02-26 05:00:00,email,2,0,21
449.0,2025-02-26 10:00:00,email,3,1,25
455.0,2025-01-11 00:00:00,id,1,0,50
455.0,2025-01-11 05:00:00,id,2,1,37
462.0,2025-02-09 00:00:00,phone,1,0,252
462.0,2025-02-09 05:00:00,phone,2,0,206
462.0,2025-02-09 10:00:00,phone,3,1,117
463.0,2025-01-03 00:00:00,email,1,1,206
477.0,2025-01-31 00:00:00,phone,1,1,57
496.0,2025-01-12 00:00:00,id,1,1,32
505.0,2025-01-16 00:00:00,phone,1,0,132
505.0,2025-01-16 05:00:00,phone,2,1,63
507.0,2025-02-15 00:00:00,email,1,0,64
507.0,2025-02-15 05:00:00,email,2,1,107
514.0,2025-02-03 00:00:00,id,1,0,75
514.0,2025-02-03 05:00:00,id,2,0,23
514.0,2025-02-03 10:00:00,id,3,1,94
519.0,2025-02-13 00:00:00,email,1,1,244
522.0,2025-02-14 00:00:00,email,1,0,74
522.0,2025-02-14 05:00:00,email,2,0,94
522.0,2025-02-14 10:00:00,email,3,1,27
526.0,2025-02-24 00:00:00,email,1,1,100
538.0,2025-01-28 00:00:00,email,1,1,279
547.0,2025-02-25 00:00:00,email,1,0,162
547.0,2025-02-25 05:00:00,email,2,1,131
556.0,2025-02-13 00:00:00,phone,1,1,27
565.0,2025-01-08 00:00:00,phone,1,0,44
565.0,2025-01-08 05:00:00,phone,2,0,44
565.0,2025-01-08 10:00:00,phone,3,1,141
603.0,2025-02-14 00:00:00,email,1,0,167
603.0,2025-02-14 05:00:00,email,2,1,175
610.0,2025-01-25 00:00:00,phone,1,0,45
610.0,2025-01-25 05:00:00,phone,2,1,158
618.0,2025-02-14 00:00:00,phone,1,0,277
618.0,2025-02-14 05:00:00,phone,2,1,100
621.0,2025-01-12 00:00:00,phone,1,1,210
623.0,2025-01-26 00:00:00,id,1,0,250
623.0,2025-01-26 05:00:00,id,2,1,180
631.0,2025-01-07 00:00:00,id,1,1,141
643.0,2025-02-19 00:00:00,id,1,1,99
667.0,2025-01-13 00:00:00,id,1,0,208
667.0,2025-01-13 05:00:00,id,2,1,227
669.0,2025-01-23 00:00:00,email,1,1,239
689.0,2025-01-04 00:00:00,phone,1,1,265
692.0,2025-01-13 00:00:00,id,1,0,39
692.0,2025-01-13 05:00:00,id,2,1,289
695.0,2025-02-01 00:00:00,email,1,1,71
709.0,2025-01-10 00:00:00,phone,1,0,290
709.0,2025-01-10 05:00:00,phone,2,0,36
709.0,2025-01-10 10:00:00,phone,3,1,242
715.0,2025-02-21 00:00:00,email,1,0,244
715.0,2025-02-21 05:00:00,email,2,0,187
715.0,2025-02-21 10:00:00,email,3,1,120
716.0,2025-01-18 00:00:00,email,1,1,259
725.0,2025-02-10 00:00:00,id,1,0,79
725.0,2025-02-10 05:00:00,id,2,0,131
725.0,2025-02-10 10:00:00,id,3,1,287
735.0,2025-01-21 00:00:00,id,1,0,15
735.0,2025-01-21 05:00:00,id,2,1,297
797.0,2025-01-23 00:00:00,email,1,0,245
797.0,2025-01-23 05:00:00,email,2,0,19
797.0,2025-01-23 10:00:00,email,3,1,216
821.0,2025-01-31 00:00:00,id,1,1,244
830.0,2025-02-19 00:00:00,id,1,0,298
830.0,2025-02-19 05:00:00,id,2,1,241
831.0,2025-01-03 00:00:00,id,1,1,129
833.0,2025-02-05 00:00:00,phone,1,0,118
833.0,2025-02-05 05:00:00,phone,2,0,131
833.0,2025-02-05 10:00:00,phone,3,1,205
834.0,2025-01-25 00:00:00,phone,1,0,237
834.0,2025-01-25 05:00:00,phone,2,1,96
854.0,2025-01-10 00:00:00,phone,1,1,194
855.0,2025-01-13 00:00:00,id,1,0,145
855.0,2025-01-13 05:00:00,id,2,0,174
855.0,2025-01-13 10:00:00,id,3,1,220
874.0,2025-01-23 00:00:00,id,1,0,180
874.0,2025-01-23 05:00:00,id,2,1,49
875.0,2025-03-01 00:00:00,phone,1,1,194
880.0,2025-01-29 00:00:00,phone,1,1,275
896.0,2025-01-18 00:00:00,id,1,0,48
896.0,2025-01-18 05:00:00,id,2,1,248
923.0,2025-01-29 00:00:00,email,1,0,200
923.0,2025-01-29 05:00:00,email,2,0,298
923.0,2025-01-29 10:00:00,email,3,1,122
928.0,2025-02-12 00:00:00,email,1,0,83
928.0,2025-02-12 05:00:00,email,2,1,252
933.0,2025-02-10 00:00:00,phone,1,1,96
943.0,2025-02-25 00:00:00,phone,1,0,169
943.0,2025-02-25 05:00:00,phone,2,0,164
943.0,2025-02-25 10:00:00,phone,3,1,148
948.0,2025-02-21 00:00:00,id,1,0,265
948.0,2025-02-21 05:00:00,id,2,1,62
1008.0,2025-01-14 00:00:00,phone,1,1,101
1014.0,2025-02-07 00:00:00,email,1,1,142
1026.0,2025-01-19 00:00:00,phone,1,0,89
1026.0,2025-01-19 05:00:00,phone,2,1,156
1035.0,2025-02-01 00:00:00,id,1,1,112
1036.0,2025-02-09 00:00:00,phone,1,1,207
1045.0,2025-01-10 00:00:00,phone,1,0,281
1045.0,2025-01-10 05:00:00,phone,2,1,287
1052.0,2025-01-31 00:00:00,phone,1,0,19
1052.0,2025-01-31 05:00:00,phone,2,1,51
1069.0,2025-01-27 00:00:00,email,1,0,38
1069.0,2025-01-27 05:00:00,email,2,1,219
1078.0,2025-02-15 00:00:00,phone,1,1,199
1094.0,2025-01-27 00:00:00,id,1,0,16
1094.0,2025-01-27 05:00:00,id,2,0,196
1094.0,2025-01-27 10:00:00,id,3,1,36
1104.0,2025-02-17 00:00:00,email,1,0,66
1104.0,2025-02-17 05:00:00,email,2,1,73
1114.0,2025-01-14 00:00:00,id,1,0,128
1114.0,2025-01-14 05:00:00,id,2,0,57
1114.0,2025-01-14 10:00:00,id,3,1,93
1122.0,2025-02-21 00:00:00,id,1,0,151
1122.0,2025-02-21 05:00:00,id,2,1,293
1128.0,2025-01-31 00:00:00,phone,1,1,18
1142.0,2025-02-04 00:00:00,email,1,0,224
1142.0,2025-02-04 05:00:00,email,2,0,75
1142.0,2025-02-04 10:00:00,email,3,1,278
1145.0,2025-01-27 00:00:00,email,1,0,246
1145.0,2025-01-27 05:00:00,email,2,0,68
1145.0,2025-01-27 10:00:00,email,3,1,93
1160.0,2025-03-01 00:00:00,email,1,0,298
1160.0,2025-03-01 05:00:00,email,2,0,175
1160.0,2025-03-01 10:00:00,email,3,1,291
1167.0,2025-01-25 00:00:00,phone,1,1,269
1178.0,2025-02-07 00:00:00,id,1,0,206
1178.0,2025-02-07 05:00:00,id,2,0,216
1178.0,2025-02-07 10:00:00,id,3,1,97
1182.0,2025-01-25 00:00:00,id,1,1,45
1191.0,2025-02-15 00:00:00,phone,1,0,265
1191.0,2025-02-15 05:00:00,phone,2,1,250
1201.0,2025-02-07 00:00:00,email,1,0,70
1201.0,2025-02-07 05:00:00,email,2,0,38
1201.0,2025-02-07 10:00:00,email,3,1,172
1205.0,2025-02-08 00:00:00,email,1,1,278
1210.0,2025-02-04 00:00:00,id,1,0,76
1210.0,2025-02-04 05:00:00,id,2,0,176
1210.0,2025-02-04 10:00:00,id,3,1,241
1213.0,2025-02-17 00:00:00,phone,1,0,125
1213.0,2025-02-17 05:00:00,phone,2,0,128
1213.0,2025-02-17 10:00:00,phone,3,1,230
1218.0,2025-02-21 00:00:00,id,1,0,252
1218.0,2025-02-21 05:00:00,id,2,1,241
1221.0,2025-01-08 00:00:00,phone,1,0,284
1221.0,2025-01-08 05:00:00,phone,2,0,159
1221.0,2025-01-08 10:00:00,phone,3,1,128
1223.0,2025-03-01 00:00:00,phone,1,0,245
1223.0,2025-03-01 05:00:00,phone,2,1,177
1225.0,2025-01-15 00:00:00,email,1,0,37
1225.0,2025-01-15 05:00:00,email,2,1,297
1233.0,2025-01-03 00:00:00,id,1,0,154
1233.0,2025-01-03 05:00:00,id,2,0,74
1233.0,2025-01-03 10:00:00,id,3,1,146
1236.0,2025-02-03 00:00:00,id,1,1,255
1240.0,2025-02-27 00:00:00,phone,1,0,124
1240.0,2025-02-27 05:00:00,phone,2,1,296
1248.0,2025-01-30 00:00:00,email,1,0,97
1248.0,2025-01-30 05:00:00,email,2,1,129
1258.0,2025-02-11 00:00:00,id,1,1,73
1275.0,2025-01-20 00:00:00,phone,1,0,44
1275.0,2025-01-20 05:00:00,phone,2,0,15
1275.0,2025-01-20 10:00:00,phone,3,1,28
1317.0,2025-02-07 00:00:00,id,1,0,217
1317.0,2025-02-07 05:00:00,id,2,0,165
1317.0,2025-02-07 10:00:00,id,3,1,240
1387.0,2025-03-01 00:00:00,phone,1,0,46
1387.0,2025-03-01 05:00:00,phone,2,1,143
1413.0,2025-01-21 00:00:00,phone,1,0,135
1413.0,2025-01-21 05:00:00,phone,2,0,35
1413.0,2025-01-21 10:00:00,phone,3,1,298
1417.0,2025-01-19 00:00:00,phone,1,0,253
1417.0,2025-01-19 05:00:00,phone,2,0,24
1417.0,2025-01-19 10:00:00,phone,3,1,298
1421.0,2025-01-27 00:00:00,id,1,1,84
1443.0,2025-02-14 00:00:00,id,1,0,278
1443.0,2025-02-14 05:00:00,id,2,1,177
1445.0,2025-01-21 00:00:00,phone,1,1,133
1452.0,2025-02-06 00:00:00,email,1,0,267
1452.0,2025-02-06 05:00:00,email,2,1,71
1470.0,2025-01-22 00:00:00,id,1,0,75
1470.0,2025-01-22 05:00:00,id,2,0,126
1470.0,2025-01-22 10:00:00,id,3,1,195
1481.0,2025-02-28 00:00:00,email,1,1,134
1497.0,2025-01-31 00:00:00,email,1,0,110
1497.0,2025-01-31 05:00:00,email,2,1,257
1498.0,2025-01-03 00:00:00,phone,1,1,97
1509.0,2025-02-07 00:00:00,email,1,1,215
1529.0,2025-01-25 00:00:00,email,1,0,200
1529.0,2025-01-25 05:00:00,email,2,0,253
1529.0,2025-01-25 10:00:00,email,3,1,280
1569.0,2025-02-21 00:00:00,id,1,0,50
1569.0,2025-02-21 05:00:00,id,2,0,173
1569.0,2025-02-21 10:00:00,id,3,1,206
1586.0,2025-01-06 00:00:00,id,1,1,22
1614.0,2025-02-06 00:00:00,phone,1,0,166
1614.0,2025-02-06 05:00:00,phone,2,0,122
1614.0,2025-02-06 10:00:00,phone,3,1,217
1621.0,2025-02-09 00:00:00,email,1,0,277
1621.0,2025-02-09 05:00:00,email,2,0,126
1621.0,2025-02-09 10:00:00,email,3,1,236
1625.0,2025-01-09 00:00:00,phone,1,0,212
1625.0,2025-01-09 05:00:00,phone,2,1,172
1639.0,2025-01-14 00:00:00,id,1,1,291
1669.0,2025-02-04 00:00:00,email,1,1,128
1671.0,2025-01-31 00:00:00,email,1,0,215
1671.0,2025-01-31 05:00:00,email,2,1,280
1672.0,2025-02-18 00:00:00,phone,1,0,199
1672.0,2025-02-18 05:00:00,phone,2,0,140
1672.0,2025-02-18 10:00:00,phone,3,1,129
1675.0,2025-01-10 00:00:00,email,1,1,251
1695.0,2025-01-05 00:00:00,email,1,1,124
1729.0,2025-01-27 00:00:00,phone,1,0,46
1729.0,2025-01-27 05:00:00,phone,2,0,150
1729.0,2025-01-27 10:00:00,phone,3,1,233
1747.0,2025-01-27 00:00:00,email,1,0,132
1747.0,2025-01-27 05:00:00,email,2,0,172
1747.0,2025-01-27 10:00:00,email,3,1,72
1756.0,2025-01-13 00:00:00,id,1,0,120
1756.0,2025-01-13 05:00:00,id,2,1,290
1764.0,2025-02-21 00:00:00,phone,1,0,101
1764.0,2025-02-21 05:00:00,phone,2,0,84
1764.0,2025-02-21 10:00:00,phone,3,1,289
1771.0,2025-02-07 00:00:00,phone,1,1,255
1796.0,2025-02-09 00:00:00,phone,1,1,138
1815.0,2025-02-25 00:00:00,phone,1,0,80
1815.0,2025-02-25 05:00:00,phone,2,0,278
1815.0,2025-02-25 10:00:00,phone,3,1,122
1863.0,2025-02-22 00:00:00,phone,1,1,114
1864.0,2025-01-04 00:00:00,phone,1,1,229
1880.0,2025-01-13 00:00:00,id,1,0,129
1880.0,2025-01-13 05:00:00,id,2,1,104
1898.0,2025-01-31 00:00:00,id,1,0,12
1898.0,2025-01-31 05:00:00,id,2,1,154
1908.0,2025-01-08 00:00:00,id,1,0,184
1908.0,2025-01-08 05:00:00,id,2,1,34
1910.0,2025-01-24 00:00:00,email,1,0,269
1910.0,2025-01-24 05:00:00,email,2,0,52
1910.0,2025-01-24 10:00:00,email,3,1,199
1919.0,2025-02-01 00:00:00,id,1,0,95
1919.0,2025-02-01 05:00:00,id,2,1,179
1932.0,2025-02-10 00:00:00,phone,1,1,285
1937.0,2025-01-18 00:00:00,email,1,0,74
1937.0,2025-01-18 05:00:00,email,2,1,247
1954.0,2025-02-02 00:00:00,id,1,0,24
1954.0,2025-02-02 05:00:00,id,2,1,228
1955.0,2025-01-05 00:00:00,phone,1,0,138
1955.0,2025-01-05 05:00:00,phone,2,0,271
1955.0,2025-01-05 10:00:00,phone,3,1,57
1971.0,2025-02-26 00:00:00,phone,1,0,156
1971.0,2025-02-26 05:00:00,phone,2,0,98
1971.0,2025-02-26 10:00:00,phone,3,1,69
1972.0,2025-02-12 00:00:00,phone,1,0,276
1972.0,2025-02-12 05:00:00,phone,2,1,176
1982.0,2025-01-24 00:00:00,email,1,0,219
1982.0,2025-01-24 05:00:00,email,2,0,225
1982.0,2025-01-24 10:00:00,email,3,1,188
1983.0,2025-01-25 00:00:00,id,1,1,207
2008.0,2025-02-18 00:00:00,email,1,1,147
2010.0,2025-02-18 00:00:00,email,1,0,86
2010.0,2025-02-18 05:00:00,email,2,1,56
2017.0,2025-02-17 00:00:00,phone,1,1,75
2033.0,2025-02-13 00:00:00,phone,1,1,62
2079.0,2025-01-08 00:00:00,phone,1,0,77
2079.0,2025-01-08 05:00:00,phone,2,0,78
2079.0,2025-01-08 10:00:00,phone,3,1,96
2082.0,2025-02-02 00:00:00,id,1,0,176
2082.0,2025-02-02 05:00:00,id,2,1,198
2086.0,2025-02-22 00:00:00,id,1,0,176
2086.0,2025-02-22 05:00:00,id,2,0,162
2086.0,2025-02-22 10:00:00,id,3,1,64
2106.0,2025-02-22 00:00:00,id,1,0,210
2106.0,2025-02-22 05:00:00,id,2,1,76
2129.0,2025-02-15 00:00:00,phone,1,0,294
2129.0,2025-02-15 05:00:00,phone,2,0,279
2129.0,2025-02-15 10:00:00,phone,3,1,119
2165.0,2025-02-03 00:00:00,id,1,0,263
2165.0,2025-02-03 05:00:00,id,2,0,75
2165.0,2025-02-03 10:00:00,id,3,1,185
2191.0,2025-01-24 00:00:00,email,1,0,178
2191.0,2025-01-24 05:00:00,email,2,0,205
2191.0,2025-01-24 10:00:00,email,3,1,291
2197.0,2025-02-17 00:00:00,email,1,0,193
2197.0,2025-02-17 05:00:00,email,2,1,29
2205.0,2025-02-15 00:00:00,id,1,0,101
2205.0,2025-02-15 05:00:00,id,2,1,149
2223.0,2025-02-02 00:00:00,phone,1,0,189
2223.0,2025-02-02 05:00:00,phone,2,0,179
2223.0,2025-02-02 10:00:00,phone,3,1,29
2224.0,2025-03-01 00:00:00,phone,1,0,94
2224.0,2025-03-01 05:00:00,phone,2,0,283
2224.0,2025-03-01 10:00:00,phone,3,1,289
2228.0,2025-02-28 00:00:00,id,1,1,250
2238.0,2025-02-22 00:00:00,phone,1,1,180
2239.0,2025-01-30 00:00:00,id,1,0,94
2239.0,2025-01-30 05:00:00,id,2,0,16
2239.0,2025-01-30 10:00:00,id,3,1,40
2263.0,2025-01-16 00:00:00,email,1,0,39
2263.0,2025-01-16 05:00:00,email,2,1,143
2269.0,2025-01-26 00:00:00,email,1,1,71
2273.0,2025-02-06 00:00:00,id,1,0,231
2273.0,2025-02-06 05:00:00,id,2,1,262
2277.0,2025-02-04 00:00:00,phone,1,0,23
2277.0,2025-02-04 05:00:00,phone,2,1,68
2304.0,2025-01-09 00:00:00,id,1,1,19
2351.0,2025-01-03 00:00:00,id,1,0,39
2351.0,2025-01-03 05:00:00,id,2,0,139
2351.0,2025-01-03 10:00:00,id,3,1,241
2359.0,2025-02-24 00:00:00,phone,1,0,180
2359.0,2025-02-24 05:00:00,phone,2,1,66
2366.0,2025-01-16 00:00:00,id,1,0,101
2366.0,2025-01-16 05:00:00,id,2,1,38
2367.0,2025-02-16 00:00:00,email,1,0,167
2367.0,2025-02-16 05:00:00,email,2,1,292
2381.0,2025-02-03 00:00:00,phone,1,0,109
2381.0,2025-02-03 05:00:00,phone,2,1,250
2403.0,2025-01-16 00:00:00,email,1,0,210
2403.0,2025-01-16 05:00:00,email,2,1,68
2411.0,2025-02-09 00:00:00,id,1,0,173
2411.0,2025-02-09 05:00:00,id,2,1,151
2414.0,2025-02-11 00:00:00,phone,1,0,267
2414.0,2025-02-11 05:00:00,phone,2,0,249
2414.0,2025-02-11 10:00:00,phone,3,1,237
2441.0,2025-01-12 00:00:00,email,1,0,270
2441.0,2025-01-12 05:00:00,email,2,0,122
2441.0,2025-01-12 10:00:00,email,3,1,153
2451.0,2025-02-22 00:00:00,id,1,0,125
2451.0,2025-02-22 05:00:00,id,2,1,119
2453.0,2025-02-24 00:00:00,phone,1,1,183
2457.0,2025-01-16 00:00:00,id,1,1,27
2464.0,2025-02-19 00:00:00,id,1,0,228
2464.0,2025-02-19 05:00:00,id,2,0,198
2464.0,2025-02-19 10:00:00,id,3,1,221
2474.0,2025-01-30 00:00:00,email,1,0,133
2474.0,2025-01-30 05:00:00,email,2,1,271
2492.0,2025-01-02 00:00:00,id,1,0,264
2492.0,2025-01-02 05:00:00,id,2,1,275
2494.0,2025-02-10 00:00:00,email,1,0,271
2494.0,2025-02-10 05:00:00,email,2,1,80
2498.0,2025-02-09 00:00:00,id,1,0,123
2498.0,2025-02-09 05:00:00,id,2,0,297
2498.0,2025-02-09 10:00:00,id,3,1,187
2508.0,2025-01-29 00:00:00,id,1,0,77
2508.0,2025-01-29 05:00:00,id,2,0,247
2508.0,2025-01-29 10:00:00,id,3,1,79
2509.0,2025-01-30 00:00:00,phone,1,0,169
2509.0,2025-01-30 05:00:00,phone,2,1,169
2537.0,2025-01-26 00:00:00,phone,1,0,37
2537.0,2025-01-26 05:00:00,phone,2,0,192
2537.0,2025-01-26 10:00:00,phone,3,1,27
2538.0,2025-01-21 00:00:00,email,1,0,260
2538.0,2025-01-21 05:00:00,email,2,1,272
2568.0,2025-02-19 00:00:00,email,1,0,231
2568.0,2025-02-19 05:00:00,email,2,0,44
2568.0,2025-02-19 10:00:00,email,3,1,23
2569.0,2025-02-06 00:00:00,id,1,1,204
2572.0,2025-01-31 00:00:00,id,1,0,279
2572.0,2025-01-31 05:00:00,id,2,1,184
2576.0,2025-01-15 00:00:00,email,1,0,238
2576.0,2025-01-15 05:00:00,email,2,0,151
2576.0,2025-01-15 10:00:00,email,3,1,252
2585.0,2025-02-05 00:00:00,phone,1,1,108
2618.0,2025-02-11 00:00:00,phone,1,0,39
2618.0,2025-02-11 05:00:00,phone,2,1,181
2634.0,2025-02-02 00:00:00,id,1,0,227
2634.0,2025-02-02 05:00:00,id,2,0,240
2634.0,2025-02-02 10:00:00,id,3,1,63
2678.0,2025-01-03 00:00:00,email,1,1,268
2718.0,2025-02-26 00:00:00,email,1,1,196
2739.0,2025-03-01 00:00:00,phone,1,1,263
2753.0,2025-01-27 00:00:00,email,1,0,258
2753.0,2025-01-27 05:00:00,email,2,0,292
2753.0,2025-01-27 10:00:00,email,3,1,198
2761.0,2025-01-20 00:00:00,id,1,0,203
2761.0,2025-01-20 05:00:00,id,2,1,120
2765.0,2025-03-01 00:00:00,id,1,0,111
2765.0,2025-03-01 05:00:00,id,2,0,169
2765.0,2025-03-01 10:00:00,id,3,1,91
2785.0,2025-02-18 00:00:00,id,1,0,145
2785.0,2025-02-18 05:00:00,id,2,1,42
2825.0,2025-01-11 00:00:00,email,1,1,292
2826.0,2025-01-09 00:00:00,email,1,0,269
2826.0,2025-01-09 05:00:00,email,2,1,209
2827.0,2025-03-01 00:00:00,phone,1,1,39
2855.0,2025-02-16 00:00:00,id,1,0,290
2855.0,2025-02-16 05:00:00,id,2,0,22
2855.0,2025-02-16 10:00:00,id,3,1,22
2857.0,2025-01-11 00:00:00,id,1,1,61
2862.0,2025-02-25 00:00:00,id,1,0,261
2862.0,2025-02-25 05:00:00,id,2,1,234
2894.0,2025-02-25 00:00:00,id,1,1,19
2899.0,2025-02-19 00:00:00,email,1,0,35
2899.0,2025-02-19 05:00:00,email,2,1,181
2906.0,2025-01-05 00:00:00,id,1,0,229
2906.0,2025-01-05 05:00:00,id,2,0,247
2906.0,2025-01-05 10:00:00,id,3,1,33
2926.0,2025-01-25 00:00:00,phone,1,1,91
2935.0,2025-01-17 00:00:00,email,1,0,108
2935.0,2025-01-17 05:00:00,email,2,1,42
2941.0,2025-01-26 00:00:00,id,1,0,105
2941.0,2025-01-26 05:00:00,id,2,1,164
2958.0,2025-01-13 00:00:00,phone,1,0,208
2958.0,2025-01-13 05:00:00,phone,2,1,260
2971.0,2025-01-04 00:00:00,email,1,0,232
2971.0,2025-01-04 05:00:00,email,2,1,151
2972.0,2025-02-28 00:00:00,id,1,0,211
2972.0,2025-02-28 05:00:00,id,2,1,132
3029.0,2025-02-04 00:00:00,id,1,0,41
3029.0,2025-02-04 05:00:00,id,2,1,283
3053.0,2025-02-16 00:00:00,email,1,0,204
3053.0,2025-02-16 05:00:00,email,2,0,270
3053.0,2025-02-16 10:00:00,email,3,1,28
3086.0,2025-01-05 00:00:00,phone,1,0,263
3086.0,2025-01-05 05:00:00,phone,2,0,30
3086.0,2025-01-05 10:00:00,phone,3,1,64
3088.0,2025-02-24 00:00:00,id,1,0,118
3088.0,2025-02-24 05:00:00,id,2,1,249
3109.0,2025-02-17 00:00:00,email,1,0,215
3109.0,2025-02-17 05:00:00,email,2,0,160
3109.0,2025-02-17 10:00:00,email,3,1,44
3110.0,2025-02-16 00:00:00,id,1,0,54
3110.0,2025-02-16 05:00:00,id,2,0,204
3110.0,2025-02-16 10:00:00,id,3,1,64
3116.0,2025-01-09 00:00:00,phone,1,0,20
3116.0,2025-01-09 05:00:00,phone,2,1,137
3130.0,2025-01-22 00:00:00,id,1,0,101
3130.0,2025-01-22 05:00:00,id,2,1,77
3157.0,2025-02-24 00:00:00,email,1,0,198
3157.0,2025-02-24 05:00:00,email,2,1,77
3161.0,2025-01-23 00:00:00,email,1,0,47
3161.0,2025-01-23 05:00:00,email,2,0,94
3161.0,2025-01-23 10:00:00,email,3,1,107
3163.0,2025-01-25 00:00:00,email,1,0,139
3163.0,2025-01-25 05:00:00,email,2,0,31
3163.0,2025-01-25 10:00:00,email,3,1,182
3189.0,2025-01-24 00:00:00,phone,1,0,193
3189.0,2025-01-24 05:00:00,phone,2,0,241
3189.0,2025-01-24 10:00:00,phone,3,1,178
3210.0,2025-02-05 00:00:00,phone,1,1,20
3212.0,2025-02-16 00:00:00,id,1,1,80
3219.0,2025-01-25 00:00:00,email,1,0,71
3219.0,2025-01-25 05:00:00,email,2,0,179
3219.0,2025-01-25 10:00:00,email,3,1,272
3248.0,2025-02-21 00:00:00,id,1,0,119
3248.0,2025-02-21 05:00:00,id,2,0,126
3248.0,2025-02-21 10:00:00,id,3,1,191
3253.0,2025-01-28 00:00:00,phone,1,0,178
3253.0,2025-01-28 05:00:00,phone,2,0,239
3253.0,2025-01-28 10:00:00,phone,3,1,237
3254.0,2025-02-23 00:00:00,email,1,0,199
3254.0,2025-02-23 05:00:00,email,2,1,71
3263.0,2025-01-04 00:00:00,phone,1,0,163
3263.0,2025-01-04 05:00:00,phone,2,1,221
3264.0,2025-02-24 00:00:00,email,1,1,200
3276.0,2025-02-21 00:00:00,email,1,0,201
3276.0,2025-02-21 05:00:00,email,2,1,216
3281.0,2025-02-18 00:00:00,email,1,0,145
3281.0,2025-02-18 05:00:00,email,2,1,274
3317.0,2025-02-06 00:00:00,phone,1,0,82
3317.0,2025-02-06 05:00:00,phone,2,1,44
3340.0,2025-02-02 00:00:00,id,1,0,129
3340.0,2025-02-02 05:00:00,id,2,1,51
3357.0,2025-02-15 00:00:00,phone,1,0,192
3357.0,2025-02-15 05:00:00,phone,2,0,58
3357.0,2025-02-15 10:00:00,phone,3,1,98
3359.0,2025-01-04 00:00:00,email,1,0,16
3359.0,2025-01-04 05:00:00,email,2,1,241
3365.0,2025-01-22 00:00:00,email,1,1,136
3369.0,2025-02-10 00:00:00,id,1,0,235
3369.0,2025-02-10 05:00:00,id,2,0,159
3369.0,2025-02-10 10:00:00,id,3,1,100
3372.0,2025-01-10 00:00:00,id,1,0,167
3372.0,2025-01-10 05:00:00,id,2,0,16
3372.0,2025-01-10 10:00:00,id,3,1,123
3373.0,2025-02-17 00:00:00,id,1,0,139
3373.0,2025-02-17 05:00:00,id,2,0,170
3373.0,2025-02-17 10:00:00,id,3,1,21
3390.0,2025-01-28 00:00:00,phone,1,0,269
3390.0,2025-01-28 05:00:00,phone,2,1,116
3393.0,2025-01-19 00:00:00,email,1,1,118
3394.0,2025-02-14 00:00:00,phone,1,1,289
3402.0,2025-02-08 00:00:00,id,1,0,216
3402.0,2025-02-08 05:00:00,id,2,0,85
3402.0,2025-02-08 10:00:00,id,3,1,53
3403.0,2025-01-18 00:00:00,email,1,0,223
3403.0,2025-01-18 05:00:00,email,2,1,13
3406.0,2025-01-23 00:00:00,id,1,0,53
3406.0,2025-01-23 05:00:00,id,2,1,185
3419.0,2025-01-09 00:00:00,id,1,0,183
3419.0,2025-01-09 05:00:00,id,2,0,122
3419.0,2025-01-09 10:00:00,id,3,1,260
3426.0,2025-02-17 00:00:00,email,1,0,211
3426.0,2025-02-17 05:00:00,email,2,1,165
3470.0,2025-01-15 00:00:00,email,1,0,92
3470.0,2025-01-15 05:00:00,email,2,1,38
3493.0,2025-02-02 00:00:00,id,1,0,111
3493.0,2025-02-02 05:00:00,id,2,0,97
3493.0,2025-02-02 10:00:00,id,3,1,190
3497.0,2025-01-12 00:00:00,id,1,0,86
3497.0,2025-01-12 05:00:00,id,2,1,291
3506.0,2025-01-13 00:00:00,id,1,1,247
3517.0,2025-01-17 00:00:00,phone,1,0,289
3517.0,2025-01-17 05:00:00,phone,2,1,16
3522.0,2025-01-12 00:00:00,id,1,0,43
3522.0,2025-01-12 05:00:00,id,2,0,120
3522.0,2025-01-12 10:00:00,id,3,1,43
3533.0,2025-02-22 00:00:00,phone,1,0,232
3533.0,2025-02-22 05:00:00,phone,2,1,104
3535.0,2025-02-24 00:00:00,id,1,1,150
3557.0,2025-01-30 00:00:00,phone,1,0,264
3557.0,2025-01-30 05:00:00,phone,2,0,107
3557.0,2025-01-30 10:00:00,phone,3,1,81
3560.0,2025-01-05 00:00:00,phone,1,0,144
3560.0,2025-01-05 05:00:00,phone,2,0,17
3560.0,2025-01-05 10:00:00,phone,3,1,283
3564.0,2025-01-14 00:00:00,email,1,1,138
3574.0,2025-02-17 00:00:00,phone,1,0,223
3574.0,2025-02-17 05:00:00,phone,2,0,148
3574.0,2025-02-17 10:00:00,phone,3,1,215
3587.0,2025-01-10 00:00:00,phone,1,0,16
3587.0,2025-01-10 05:00:00,phone,2,1,174
3594.0,2025-03-01 00:00:00,id,1,0,102
3594.0,2025-03-01 05:00:00,id,2,1,128
3597.0,2025-01-13 00:00:00,email,1,1,174
3602.0,2025-01-18 00:00:00,id,1,0,242
3602.0,2025-01-18 05:00:00,id,2,0,245
3602.0,2025-01-18 10:00:00,id,3,1,103
3607.0,2025-02-24 00:00:00,phone,1,0,242
3607.0,2025-02-24 05:00:00,phone,2,1,156
3635.0,2025-02-10 00:00:00,id,1,0,206
3635.0,2025-02-10 05:00:00,id,2,1,261
3663.0,2025-01-10 00:00:00,phone,1,0,28
3663.0,2025-01-10 05:00:00,phone,2,0,37
3663.0,2025-01-10 10:00:00,phone,3,1,278
3670.0,2025-01-17 00:00:00,email,1,0,35
3670.0,2025-01-17 05:00:00,email,2,0,284
3670.0,2025-01-17 10:00:00,email,3,1,218
3672.0,2025-02-02 00:00:00,id,1,0,36
3672.0,2025-02-02 05:00:00,id,2,0,85
3672.0,2025-02-02 10:00:00,id,3,1,92
3679.0,2025-01-14 00:00:00,email,1,1,252
3694.0,2025-01-13 00:00:00,phone,1,0,21
3694.0,2025-01-13 05:00:00,phone,2,0,252
3694.0,2025-01-13 10:00:00,phone,3,1,240
3734.0,2025-01-15 00:00:00,id,1,0,56
3734.0,2025-01-15 05:00:00,id,2,0,197
3734.0,2025-01-15 10:00:00,id,3,1,259
3757.0,2025-02-09 00:00:00,id,1,1,26
3781.0,2025-01-28 00:00:00,email,1,0,70
3781.0,2025-01-28 05:00:00,email,2,1,247
3802.0,2025-02-20 00:00:00,phone,1,0,91
3802.0,2025-02-20 05:00:00,phone,2,0,264
3802.0,2025-02-20 10:00:00,phone,3,1,246
3826.0,2025-02-25 00:00:00,id,1,1,267
3828.0,2025-02-09 00:00:00,id,1,0,48
3828.0,2025-02-09 05:00:00,id,2,0,180
3828.0,2025-02-09 10:00:00,id,3,1,100
3832.0,2025-01-21 00:00:00,id,1,0,65
3832.0,2025-01-21 05:00:00,id,2,0,96
3832.0,2025-01-21 10:00:00,id,3,1,293
3848.0,2025-02-12 00:00:00,phone,1,0,55
3848.0,2025-02-12 05:00:00,phone,2,0,174
3848.0,2025-02-12 10:00:00,phone,3,1,154
3857.0,2025-02-25 00:00:00,email,1,0,251
3857.0,2025-02-25 05:00:00,email,2,1,140
3861.0,2025-02-04 00:00:00,id,1,0,13
3861.0,2025-02-04 05:00:00,id,2,1,101
3869.0,2025-01-18 00:00:00,phone,1,0,200
3869.0,2025-01-18 05:00:00,phone,2,1,269
3876.0,2025-02-26 00:00:00,phone,1,0,138
3876.0,2025-02-26 05:00:00,phone,2,1,159
3881.0,2025-02-19 00:00:00,id,1,1,92
3889.0,2025-01-07 00:00:00,phone,1,0,194
3889.0,2025-01-07 05:00:00,phone,2,1,64
3894.0,2025-02-23 00:00:00,id,1,1,27
3896.0,2025-01-06 00:00:00,email,1,0,31
3896.0,2025-01-06 05:00:00,email,2,0,232
3896.0,2025-01-06 10:00:00,email,3,1,13
3930.0,2025-02-14 00:00:00,phone,1,1,166
3937.0,2025-01-07 00:00:00,phone,1,0,82
3937.0,2025-01-07 05:00:00,phone,2,1,248
3957.0,2025-01-13 00:00:00,phone,1,0,203
3957.0,2025-01-13 05:00:00,phone,2,0,235
3957.0,2025-01-13 10:00:00,phone,3,1,208
3968.0,2025-01-26 00:00:00,phone,1,0,166
3968.0,2025-01-26 05:00:00,phone,2,0,241
3968.0,2025-01-26 10:00:00,phone,3,1,223
3982.0,2025-01-06 00:00:00,email,1,0,74
3982.0,2025-01-06 05:00:00,email,2,0,153
3982.0,2025-01-06 10:00:00,email,3,1,81
3983.0,2025-02-24 00:00:00,phone,1,1,144
4000.0,2025-02-27 00:00:00,id,1,1,41
4002.0,2025-01-19 00:00:00,id,1,0,76
4002.0,2025-01-19 05:00:00,id,2,1,110
4005.0,2025-02-02 00:00:00,phone,1,1,192
4024.0,2025-02-10 00:00:00,email,1,0,265
4024.0,2025-02-10 05:00:00,email,2,1,90
4028.0,2025-01-23 00:00:00,phone,1,0,270
4028.0,2025-01-23 05:00:00,phone,2,1,293
4034.0,2025-02-07 00:00:00,id,1,0,34
4034.0,2025-02-07 05:00:00,id,2,0,192
4034.0,2025-02-07 10:00:00,id,3,1,67
4042.0,2025-01-19 00:00:00,phone,1,1,133
4056.0,2025-02-01 00:00:00,email,1,1,283
4058.0,2025-01-24 00:00:00,id,1,0,98
4058.0,2025-01-24 05:00:00,id,2,1,128
4079.0,2025-02-25 00:00:00,email,1,1,265
4081.0,2025-01-16 00:00:00,id,1,0,22
4081.0,2025-01-16 05:00:00,id,2,0,180
4081.0,2025-01-16 10:00:00,id,3,1,22
4082.0,2025-02-18 00:00:00,phone,1,1,119
4097.0,2025-02-25 00:00:00,phone,1,1,108
4101.0,2025-01-12 00:00:00,phone,1,0,75
4101.0,2025-01-12 05:00:00,phone,2,1,61
4102.0,2025-01-04 00:00:00,email,1,0,50
4102.0,2025-01-04 05:00:00,email,2,0,295
4102.0,2025-01-04 10:00:00,email,3,1,170
4106.0,2025-01-18 00:00:00,email,1,0,120
4106.0,2025-01-18 05:00:00,email,2,1,234
4120.0,2025-01-24 00:00:00,email,1,1,36
4131.0,2025-02-27 00:00:00,phone,1,0,119
4131.0,2025-02-27 05:00:00,phone,2,1,120
4135.0,2025-01-23 00:00:00,email,1,0,42
4135.0,2025-01-23 05:00:00,email,2,0,75
4135.0,2025-01-23 10:00:00,email,3,1,191
4158.0,2025-01-17 00:00:00,phone,1,1,135
4169.0,2025-01-07 00:00:00,id,1,1,253
4184.0,2025-02-01 00:00:00,phone,1,0,180
4184.0,2025-02-01 05:00:00,phone,2,1,93
4191.0,2025-01-11 00:00:00,email,1,0,161
4191.0,2025-01-11 05:00:00,email,2,1,272
4198.0,2025-01-25 00:00:00,phone,1,0,12
4198.0,2025-01-25 05:00:00,phone,2,1,154
4206.0,2025-02-16 00:00:00,email,1,0,261
4206.0,2025-02-16 05:00:00,email,2,0,64
4206.0,2025-02-16 10:00:00,email,3,1,296
4216.0,2025-02-19 00:00:00,id,1,1,102
4225.0,2025-02-20 00:00:00,email,1,1,109
4227.0,2025-02-07 00:00:00,id,1,0,231
4227.0,2025-02-07 05:00:00,id,2,0,150
4227.0,2025-02-07 10:00:00,id,3,1,24
4260.0,2025-01-17 00:00:00,phone,1,0,72
4260.0,2025-01-17 05:00:00,phone,2,1,103
4287.0,2025-02-11 00:00:00,id,1,1,191
4321.0,2025-01-26 00:00:00,id,1,0,153
4321.0,2025-01-26 05:00:00,id,2,0,143
4321.0,2025-01-26 10:00:00,id,3,1,28
4329.0,2025-02-16 00:00:00,id,1,0,162
4329.0,2025-02-16 05:00:00,id,2,1,180
4373.0,2025-01-18 00:00:00,phone,1,1,274
4382.0,2025-01-31 00:00:00,phone,1,1,174
4396.0,2025-01-20 00:00:00,phone,1,0,214
4396.0,2025-01-20 05:00:00,phone,2,0,267
4396.0,2025-01-20 10:00:00,phone,3,1,75
4397.0,2025-01-19 00:00:00,email,1,0,72
4397.0,2025-01-19 05:00:00,email,2,1,204
4425.0,2025-02-22 00:00:00,id,1,0,249
4425.0,2025-02-22 05:00:00,id,2,0,123
4425.0,2025-02-22 10:00:00,id,3,1,169
4442.0,2025-01-11 00:00:00,email,1,0,180
4442.0,2025-01-11 05:00:00,email,2,1,174
4444.0,2025-01-12 00:00:00,email,1,1,106
4446.0,2025-01-03 00:00:00,id,1,0,206
4446.0,2025-01-03 05:00:00,id,2,1,263
4452.0,2025-02-20 00:00:00,email,1,1,241
4464.0,2025-01-29 00:00:00,id,1,1,217
4468.0,2025-01-23 00:00:00,id,1,0,155
4468.0,2025-01-23 05:00:00,id,2,1,93
4486.0,2025-02-17 00:00:00,id,1,0,238
4486.0,2025-02-17 05:00:00,id,2,0,125
4486.0,2025-02-17 10:00:00,id,3,1,203
4508.0,2025-01-02 00:00:00,email,1,0,153
4508.0,2025-01-02 05:00:00,email,2,1,233
4510.0,2025-01-09 00:00:00,phone,1,1,128
4530.0,2025-01-14 00:00:00,phone,1,0,108
4530.0,2025-01-14 05:00:00,phone,2,1,176
4545.0,2025-01-30 00:00:00,phone,1,1,167
4570.0,2025-01-31 00:00:00,phone,1,0,195
4570.0,2025-01-31 05:00:00,phone,2,0,159
4570.0,2025-01-31 10:00:00,phone,3,1,56
4585.0,2025-01-16 00:00:00,phone,1,0,221
4585.0,2025-01-16 05:00:00,phone,2,0,59
4585.0,2025-01-16 10:00:00,phone,3,1,234
4612.0,2025-01-21 00:00:00,id,1,1,55
4618.0,2025-01-17 00:00:00,id,1,1,224
4627.0,2025-03-01 00:00:00,phone,1,1,249
4640.0,2025-01-03 00:00:00,email,1,0,149
4640.0,2025-01-03 05:00:00,email,2,0,296
4640.0,2025-01-03 10:00:00,email,3,1,271
4641.0,2025-02-01 00:00:00,phone,1,1,171
4663.0,2025-01-25 00:00:00,email,1,0,136
4663.0,2025-01-25 05:00:00,email,2,1,143
4666.0,2025-01-31 00:00:00,email,1,0,176
4666.0,2025-01-31 05:00:00,email,2,0,56
4666.0,2025-01-31 10:00:00,email,3,1,27
4681.0,2025-02-07 00:00:00,phone,1,0,248
4681.0,2025-02-07 05:00:00,phone,2,1,196
4684.0,2025-02-18 00:00:00,email,1,1,298
4691.0,2025-02-15 00:00:00,id,1,1,157
4712.0,2025-01-06 00:00:00,phone,1,1,67
4722.0,2025-01-07 00:00:00,phone,1,1,78
4726.0,2025-01-31 00:00:00,email,1,0,216
4726.0,2025-01-31 05:00:00,email,2,1,192
4752.0,2025-02-18 00:00:00,id,1,1,105
4774.0,2025-01-22 00:00:00,phone,1,0,119
4774.0,2025-01-22 05:00:00,phone,2,0,108
4774.0,2025-01-22 10:00:00,phone,3,1,128
4775.0,2025-02-02 00:00:00,email,1,0,19
4775.0,2025-02-02 05:00:00,email,2,0,244
4775.0,2025-02-02 10:00:00,email,3,1,13
4795.0,2025-01-22 00:00:00,email,1,1,295
4798.0,2025-02-06 00:00:00,email,1,1,235
4815.0,2025-02-19 00:00:00,id,1,0,97
4815.0,2025-02-19 05:00:00,id,2,1,57
4816.0,2025-01-25 00:00:00,email,1,0,288
4816.0,2025-01-25 05:00:00,email,2,0,241
4816.0,2025-01-25 10:00:00,email,3,1,105
4818.0,2025-01-30 00:00:00,id,1,0,96
4818.0,2025-01-30 05:00:00,id,2,1,290
4828.0,2025-01-05 00:00:00,phone,1,0,170
4828.0,2025-01-05 05:00:00,phone,2,1,14
4841.0,2025-01-20 00:00:00,id,1,0,299
4841.0,2025-01-20 05:00:00,id,2,0,240
4841.0,2025-01-20 10:00:00,id,3,1,48
4843.0,2025-02-20 00:00:00,phone,1,0,214
4843.0,2025-02-20 05:00:00,phone,2,1,78
4845.0,2025-01-22 00:00:00,phone,1,1,272
4852.0,2025-01-05 00:00:00,id,1,0,236
4852.0,2025-01-05 05:00:00,id,2,1,135
4867.0,2025-02-16 00:00:00,email,1,1,290
4881.0,2025-02-23 00:00:00,email,1,0,286
4881.0,2025-02-23 05:00:00,email,2,0,277
4881.0,2025-02-23 10:00:00,email,3,1,216
4885.0,2025-01-08 00:00:00,id,1,0,76
4885.0,2025-01-08 05:00:00,id,2,1,160
4891.0,2025-03-01 00:00:00,id,1,0,50
4891.0,2025-03-01 05:00:00,id,2,0,255
4891.0,2025-03-01 10:00:00,id,3,1,42
4897.0,2025-02-15 00:00:00,id,1,0,12
4897.0,2025-02-15 05:00:00,id,2,0,154
4897.0,2025-02-15 10:00:00,id,3,1,101
4901.0,2025-01-23 00:00:00,phone,1,1,263
4902.0,2025-02-03 00:00:00,id,1,0,161
4902.0,2025-02-03 05:00:00,id,2,1,58
4952.0,2025-01-29 00:00:00,id,1,0,127
4952.0,2025-01-29 05:00:00,id,2,0,71
4952.0,2025-01-29 10:00:00,id,3,1,223
4965.0,2025-01-10 00:00:00,id,1,0,233
4965.0,2025-01-10 05:00:00,id,2,0,195
4965.0,2025-01-10 10:00:00,id,3,1,187
4977.0,2025-01-25 00:00:00,id,1,1,30
